point_id,timestamp,latitude,longitude,true_speed_ms,true_dir_deg,wind_category,filename
35.0,2022-01-27T01:00,8.5789,78.8421,0.04,32,Low,SAR_TN_p35.0_20220127T0100.tif
8.0,2024-09-01T01:00,8.0,77.6579,1.04,278,Medium,SAR_TN_p8.0_20240901T0100.tif
63.0,2022-06-15T00:00,9.4474,79.7895,0.4,193,Low,SAR_TN_p63.0_20220615T0000.tif
83.0,2023-06-03T01:00,10.6053,80.2632,1.04,212,Medium,SAR_TN_p83.0_20230603T0100.tif
69.0,2023-01-17T13:00,9.7368,79.7895,0.5,35,Low,SAR_TN_p69.0_20230117T1300.tif
104.0,2023-01-10T01:00,12.9211,80.5,0.38,38,Low,SAR_TN_p104.0_20230110T0100.tif
66.0,2023-09-07T01:00,9.7368,79.0789,0.9,201,Medium,SAR_TN_p66.0_20230907T0100.tif
55.0,2022-05-27T01:00,9.1579,79.5526,1.44,217,Medium,SAR_TN_p55.0_20220527T0100.tif
104.0,2023-04-16T01:00,12.9211,80.5,0.08,201,Low,SAR_TN_p104.0_20230416T0100.tif
78.0,2024-04-03T01:00,10.3158,76.0,0.0,115,Low,SAR_TN_p78.0_20240403T0100.tif
50.0,2023-01-15T01:00,9.1579,76.0,0.0,33,Low,SAR_TN_p50.0_20230115T0100.tif
16.0,2024-09-20T00:00,8.0,79.5526,1.28,241,Medium,SAR_TN_p16.0_20240920T0000.tif
38.0,2022-04-04T00:00,8.5789,79.5526,0.04,126,Low,SAR_TN_p38.0_20220404T0000.tif
86.0,2022-10-30T01:00,10.8947,80.2632,0.24,13,Low,SAR_TN_p86.0_20221030T0100.tif
27.0,2024-08-20T01:00,8.2895,79.3158,0.9,210,Medium,SAR_TN_p27.0_20240820T0100.tif
15.0,2022-03-16T01:00,8.0,79.3158,0.02,282,Low,SAR_TN_p15.0_20220316T0100.tif
53.0,2022-01-27T01:00,9.1579,79.0789,0.12,61,Low,SAR_TN_p53.0_20220127T0100.tif
71.0,2024-05-26T01:00,10.0263,76.0,0.06,274,Low,SAR_TN_p71.0_20240526T0100.tif
44.0,2022-07-26T01:00,8.8684,78.6053,0.04,310,Low,SAR_TN_p44.0_20220726T0100.tif
100.0,2021-12-10T01:00,12.3421,80.2632,0.32,50,Low,SAR_TN_p100.0_20211210T0100.tif
45.0,2023-04-16T01:00,8.8684,78.8421,0.26,194,Low,SAR_TN_p45.0_20230416T0100.tif
75.0,2022-11-23T01:00,10.0263,80.0263,0.3,216,Low,SAR_TN_p75.0_20221123T0100.tif
17.0,2022-07-19T01:00,8.2895,76.0,0.98,319,Medium,SAR_TN_p17.0_20220719T0100.tif
48.0,2023-08-26T01:00,8.8684,79.5526,1.0,209,Medium,SAR_TN_p48.0_20230826T0100.tif
74.0,2022-09-24T01:00,10.0263,79.7895,0.14,295,Low,SAR_TN_p74.0_20220924T0100.tif
72.0,2023-05-22T01:00,10.0263,79.3158,0.5,194,Low,SAR_TN_p72.0_20230522T0100.tif
100.0,2022-06-20T01:00,12.3421,80.2632,0.04,240,Low,SAR_TN_p100.0_20220620T0100.tif
63.0,2023-07-04T13:00,9.4474,79.7895,1.4,222,Medium,SAR_TN_p63.0_20230704T1300.tif
39.0,2023-10-01T01:00,8.5789,79.7895,1.14,226,Medium,SAR_TN_p39.0_20231001T0100.tif
63.0,2024-11-24T01:00,9.4474,79.7895,0.32,45,Low,SAR_TN_p63.0_20241124T0100.tif
13.0,2023-11-06T01:00,8.0,78.8421,0.0,334,Low,SAR_TN_p13.0_20231106T0100.tif
89.0,2023-11-30T01:00,11.1842,80.2632,0.48,63,Low,SAR_TN_p89.0_20231130T0100.tif
62.0,2023-04-28T01:00,9.4474,79.5526,0.24,113,Low,SAR_TN_p62.0_20230428T0100.tif
1.0,2022-11-28T01:00,8.0,76.0,0.02,176,Low,SAR_TN_p1.0_20221128T0100.tif
4.0,2022-10-23T01:00,8.0,76.7105,0.02,264,Low,SAR_TN_p4.0_20221023T0100.tif
8.0,2024-03-05T01:00,8.0,77.6579,0.18,55,Low,SAR_TN_p8.0_20240305T0100.tif
71.0,2024-05-21T01:00,10.0263,76.0,0.06,117,Low,SAR_TN_p71.0_20240521T0100.tif
43.0,2024-01-29T01:00,8.8684,78.3684,0.62,39,Low,SAR_TN_p43.0_20240129T0100.tif
61.0,2023-03-11T01:00,9.4474,79.3158,0.52,53,Low,SAR_TN_p61.0_20230311T0100.tif
60.0,2023-11-06T01:00,9.4474,79.0789,0.0,162,Low,SAR_TN_p60.0_20231106T0100.tif
15.0,2022-01-15T01:00,8.0,79.3158,0.2,65,Low,SAR_TN_p15.0_20220115T0100.tif
29.0,2024-07-20T01:00,8.5789,76.0,0.64,274,Low,SAR_TN_p29.0_20240720T0100.tif
42.0,2022-06-25T01:00,8.8684,76.4737,0.9,288,Medium,SAR_TN_p42.0_20220625T0100.tif
39.0,2024-04-17T00:00,8.5789,79.7895,0.02,185,Low,SAR_TN_p39.0_20240417T0000.tif
77.0,2023-10-08T00:00,10.0263,80.5,0.36,195,Low,SAR_TN_p77.0_20231008T0000.tif
86.0,2024-11-12T01:00,10.8947,80.2632,0.52,344,Low,SAR_TN_p86.0_20241112T0100.tif
69.0,2023-06-15T01:00,9.7368,79.7895,0.56,191,Low,SAR_TN_p69.0_20230615T0100.tif
34.0,2024-10-19T01:00,8.5789,78.6053,0.78,232,Low,SAR_TN_p34.0_20241019T0100.tif
48.0,2024-07-15T01:00,8.8684,79.5526,1.7,225,Medium,SAR_TN_p48.0_20240715T0100.tif
16.0,2022-12-24T00:00,8.0,79.5526,0.52,8,Low,SAR_TN_p16.0_20221224T0000.tif
79.0,2022-01-15T01:00,10.3158,80.0263,0.1,79,Low,SAR_TN_p79.0_20220115T0100.tif
63.0,2021-12-17T13:00,9.4474,79.7895,0.66,29,Low,SAR_TN_p63.0_20211217T1300.tif
75.0,2024-02-22T01:00,10.0263,80.0263,0.22,155,Low,SAR_TN_p75.0_20240222T0100.tif
18.0,2024-12-23T01:00,8.2895,76.2368,0.24,325,Low,SAR_TN_p18.0_20241223T0100.tif
38.0,2023-06-22T00:00,8.5789,79.5526,1.24,225,Medium,SAR_TN_p38.0_20230622T0000.tif
75.0,2021-12-05T00:00,10.0263,80.0263,0.02,185,Low,SAR_TN_p75.0_20211205T0000.tif
56.0,2022-06-03T13:00,9.1579,79.7895,1.3,202,Medium,SAR_TN_p56.0_20220603T1300.tif
85.0,2023-03-23T01:00,10.8947,80.0263,0.36,154,Low,SAR_TN_p85.0_20230323T0100.tif
75.0,2024-09-01T01:00,10.0263,80.0263,0.46,206,Low,SAR_TN_p75.0_20240901T0100.tif
72.0,2024-12-18T01:00,10.0263,79.3158,0.22,14,Low,SAR_TN_p72.0_20241218T0100.tif
7.0,2022-04-21T01:00,8.0,77.4211,0.12,304,Low,SAR_TN_p7.0_20220421T0100.tif
39.0,2023-03-06T00:00,8.5789,79.7895,0.34,45,Low,SAR_TN_p39.0_20230306T0000.tif
54.0,2022-11-23T01:00,9.1579,79.3158,0.1,245,Low,SAR_TN_p54.0_20221123T0100.tif
28.0,2024-08-27T00:00,8.2895,79.5526,1.58,233,Medium,SAR_TN_p28.0_20240827T0000.tif
17.0,2023-11-11T01:00,8.2895,76.0,0.28,48,Low,SAR_TN_p17.0_20231111T0100.tif
75.0,2021-10-23T01:00,10.0263,80.0263,0.0,193,Low,SAR_TN_p75.0_20211023T0100.tif
92.0,2021-10-11T01:00,11.4737,80.2632,0.34,237,Low,SAR_TN_p92.0_20211011T0100.tif
76.0,2023-03-18T00:00,10.0263,80.2632,0.38,102,Low,SAR_TN_p76.0_20230318T0000.tif
21.0,2024-06-26T01:00,8.2895,76.9474,1.14,279,Medium,SAR_TN_p21.0_20240626T0100.tif
38.0,2023-08-26T01:00,8.5789,79.5526,0.8,214,Low,SAR_TN_p38.0_20230826T0100.tif
40.0,2023-01-27T01:00,8.8684,76.0,0.0,213,Low,SAR_TN_p40.0_20230127T0100.tif
72.0,2022-04-09T01:00,10.0263,79.3158,0.0,349,Low,SAR_TN_p72.0_20220409T0100.tif
63.0,2024-07-27T01:00,9.4474,79.7895,0.5,231,Low,SAR_TN_p63.0_20240727T0100.tif
39.0,2022-04-09T01:00,8.5789,79.7895,0.0,217,Low,SAR_TN_p39.0_20220409T0100.tif
69.0,2023-04-28T01:00,9.7368,79.7895,0.22,117,Low,SAR_TN_p69.0_20230428T0100.tif
36.0,2023-08-02T01:00,8.5789,79.0789,0.28,245,Low,SAR_TN_p36.0_20230802T0100.tif
40.0,2022-02-01T01:00,8.8684,76.0,0.0,55,Low,SAR_TN_p40.0_20220201T0100.tif
86.0,2023-06-15T01:00,10.8947,80.2632,0.46,219,Low,SAR_TN_p86.0_20230615T0100.tif
99.0,2023-07-21T01:00,12.0526,80.5,0.82,261,Medium,SAR_TN_p99.0_20230721T0100.tif
4.0,2022-04-02T01:00,8.0,76.7105,0.0,274,Low,SAR_TN_p4.0_20220402T0100.tif
71.0,2022-04-26T01:00,10.0263,76.0,0.02,351,Low,SAR_TN_p71.0_20220426T0100.tif
17.0,2022-09-29T01:00,8.2895,76.0,0.44,311,Low,SAR_TN_p17.0_20220929T0100.tif
26.0,2023-04-28T01:00,8.2895,79.0789,0.0,282,Low,SAR_TN_p26.0_20230428T0100.tif
71.0,2024-04-15T01:00,10.0263,76.0,0.04,8,Low,SAR_TN_p71.0_20240415T0100.tif
3.0,2022-07-07T01:00,8.0,76.4737,0.74,279,Low,SAR_TN_p3.0_20220707T0100.tif
78.0,2023-10-06T01:00,10.3158,76.0,0.02,347,Low,SAR_TN_p78.0_20231006T0100.tif
32.0,2023-02-08T01:00,8.5789,76.7105,0.0,26,Low,SAR_TN_p32.0_20230208T0100.tif
63.0,2023-01-17T13:00,9.4474,79.7895,0.52,32,Low,SAR_TN_p63.0_20230117T1300.tif
8.0,2022-04-26T01:00,8.0,77.6579,0.22,261,Low,SAR_TN_p8.0_20220426T0100.tif
69.0,2022-09-24T01:00,9.7368,79.7895,0.06,297,Low,SAR_TN_p69.0_20220924T0100.tif
68.0,2023-10-25T01:00,9.7368,79.5526,0.0,162,Low,SAR_TN_p68.0_20231025T0100.tif
4.0,2023-09-24T01:00,8.0,76.7105,0.38,332,Low,SAR_TN_p4.0_20230924T0100.tif
89.0,2021-10-11T01:00,11.1842,80.2632,0.32,239,Low,SAR_TN_p89.0_20211011T0100.tif
11.0,2022-05-27T01:00,8.0,78.3684,1.04,248,Medium,SAR_TN_p11.0_20220527T0100.tif
61.0,2022-10-30T01:00,9.4474,79.3158,0.5,30,Low,SAR_TN_p61.0_20221030T0100.tif
38.0,2023-01-22T01:00,8.5789,79.5526,0.76,38,Low,SAR_TN_p38.0_20230122T0100.tif
101.0,2021-12-10T01:00,12.3421,80.5,0.38,56,Low,SAR_TN_p101.0_20211210T0100.tif
102.0,2023-02-15T01:00,12.6316,80.2632,0.0,259,Low,SAR_TN_p102.0_20230215T0100.tif
69.0,2022-04-28T00:00,9.7368,79.7895,0.26,181,Low,SAR_TN_p69.0_20220428T0000.tif
64.0,2022-09-17T01:00,9.7368,76.0,0.1,326,Low,SAR_TN_p64.0_20220917T0100.tif
40.0,2024-10-24T01:00,8.8684,76.0,0.16,216,Low,SAR_TN_p40.0_20241024T0100.tif
86.0,2023-10-13T01:00,10.8947,80.2632,0.08,178,Low,SAR_TN_p86.0_20231013T0100.tif
7.0,2024-10-07T01:00,8.0,77.4211,0.2,299,Low,SAR_TN_p7.0_20241007T0100.tif
63.0,2022-02-27T13:00,9.4474,79.7895,0.6,56,Low,SAR_TN_p63.0_20220227T1300.tif
106.0,2023-10-25T01:00,13.5,80.5,0.02,265,Low,SAR_TN_p106.0_20231025T0100.tif
95.0,2023-02-27T01:00,11.7632,80.2632,0.04,4,Low,SAR_TN_p95.0_20230227T0100.tif
63.0,2022-09-07T13:00,9.4474,79.7895,1.48,211,Medium,SAR_TN_p63.0_20220907T1300.tif
89.0,2024-03-29T01:00,11.1842,80.2632,0.3,132,Low,SAR_TN_p89.0_20240329T0100.tif
69.0,2022-04-21T01:00,9.7368,79.7895,0.3,134,Low,SAR_TN_p69.0_20220421T0100.tif
40.0,2022-10-23T01:00,8.8684,76.0,0.0,236,Low,SAR_TN_p40.0_20221023T0100.tif
51.0,2023-04-09T01:00,9.1579,76.2368,0.02,22,Low,SAR_TN_p51.0_20230409T0100.tif
20.0,2023-09-12T01:00,8.2895,76.7105,0.52,336,Low,SAR_TN_p20.0_20230912T0100.tif
29.0,2023-08-19T01:00,8.5789,76.0,0.18,308,Low,SAR_TN_p29.0_20230819T0100.tif
8.0,2024-06-09T01:00,8.0,77.6579,0.64,256,Low,SAR_TN_p8.0_20240609T0100.tif
38.0,2023-05-10T01:00,8.5789,79.5526,0.0,230,Low,SAR_TN_p38.0_20230510T0100.tif
106.0,2022-11-11T01:00,13.5,80.5,1.6,42,Medium,SAR_TN_p106.0_20221111T0100.tif
50.0,2022-06-01T01:00,9.1579,76.0,0.5,266,Low,SAR_TN_p50.0_20220601T0100.tif
56.0,2024-04-05T13:00,9.1579,79.7895,0.0,213,Low,SAR_TN_p56.0_20240405T1300.tif
29.0,2024-06-14T01:00,8.5789,76.0,0.3,281,Low,SAR_TN_p29.0_20240614T0100.tif
102.0,2023-05-10T01:00,12.6316,80.2632,0.0,249,Low,SAR_TN_p102.0_20230510T0100.tif
62.0,2024-11-12T01:00,9.4474,79.5526,0.5,3,Low,SAR_TN_p62.0_20241112T0100.tif
42.0,2023-05-27T01:00,8.8684,76.4737,0.22,321,Low,SAR_TN_p42.0_20230527T0100.tif
67.0,2021-10-23T01:00,9.7368,79.3158,0.02,184,Low,SAR_TN_p67.0_20211023T0100.tif
3.0,2022-09-05T01:00,8.0,76.4737,0.02,292,Low,SAR_TN_p3.0_20220905T0100.tif
30.0,2023-10-06T01:00,8.5789,76.2368,0.02,324,Low,SAR_TN_p30.0_20231006T0100.tif
4.0,2024-03-22T01:00,8.0,76.7105,0.0,49,Low,SAR_TN_p4.0_20240322T0100.tif
20.0,2024-04-03T01:00,8.2895,76.7105,0.02,319,Low,SAR_TN_p20.0_20240403T0100.tif
38.0,2023-01-29T00:00,8.5789,79.5526,0.94,24,Medium,SAR_TN_p38.0_20230129T0000.tif
30.0,2022-04-26T01:00,8.5789,76.2368,0.0,285,Low,SAR_TN_p30.0_20220426T0100.tif
55.0,2022-11-11T01:00,9.1579,79.5526,0.94,355,Medium,SAR_TN_p55.0_20221111T0100.tif
63.0,2024-03-17T01:00,9.4474,79.7895,0.32,107,Low,SAR_TN_p63.0_20240317T0100.tif
53.0,2023-04-28T01:00,9.1579,79.0789,0.2,121,Low,SAR_TN_p53.0_20230428T0100.tif
10.0,2024-11-12T01:00,8.0,78.1316,0.02,305,Low,SAR_TN_p10.0_20241112T0100.tif
57.0,2024-08-27T00:00,9.1579,80.0263,1.04,229,Medium,SAR_TN_p57.0_20240827T0000.tif
14.0,2023-01-10T01:00,8.0,79.0789,1.24,30,Medium,SAR_TN_p14.0_20230110T0100.tif
30.0,2022-10-23T01:00,8.5789,76.2368,0.0,266,Low,SAR_TN_p30.0_20221023T0100.tif
34.0,2022-06-20T01:00,8.5789,78.6053,0.04,224,Low,SAR_TN_p34.0_20220620T0100.tif
39.0,2024-06-04T00:00,8.5789,79.7895,0.76,208,Low,SAR_TN_p39.0_20240604T0000.tif
49.0,2023-04-28T01:00,8.8684,79.7895,0.12,95,Low,SAR_TN_p49.0_20230428T0100.tif
56.0,2023-11-30T01:00,9.1579,79.7895,0.32,60,Low,SAR_TN_p56.0_20231130T0100.tif
71.0,2022-02-25T01:00,10.0263,76.0,0.04,20,Low,SAR_TN_p71.0_20220225T0100.tif
28.0,2022-11-06T00:00,8.2895,79.5526,0.28,60,Low,SAR_TN_p28.0_20221106T0000.tif
18.0,2023-12-05T01:00,8.2895,76.2368,0.28,276,Low,SAR_TN_p18.0_20231205T0100.tif
73.0,2022-11-23T01:00,10.0263,79.5526,0.12,234,Low,SAR_TN_p73.0_20221123T0100.tif
51.0,2023-12-17T01:00,9.1579,76.2368,0.0,106,Low,SAR_TN_p51.0_20231217T0100.tif
5.0,2022-04-02T01:00,8.0,76.9474,0.04,278,Low,SAR_TN_p5.0_20220402T0100.tif
56.0,2024-01-24T13:00,9.1579,79.7895,0.26,38,Low,SAR_TN_p56.0_20240124T1300.tif
71.0,2024-12-04T01:00,10.0263,76.0,0.02,179,Low,SAR_TN_p71.0_20241204T0100.tif
101.0,2022-05-15T01:00,12.3421,80.5,0.42,214,Low,SAR_TN_p101.0_20220515T0100.tif
69.0,2021-11-04T01:00,9.7368,79.7895,0.0,36,Low,SAR_TN_p69.0_20211104T0100.tif
56.0,2023-11-01T00:00,9.1579,79.7895,0.02,58,Low,SAR_TN_p56.0_20231101T0000.tif
106.0,2021-12-10T01:00,13.5,80.5,0.26,57,Low,SAR_TN_p106.0_20211210T0100.tif
11.0,2022-03-28T01:00,8.0,78.3684,0.0,193,Low,SAR_TN_p11.0_20220328T0100.tif
105.0,2023-03-11T01:00,13.2105,80.5,0.14,58,Low,SAR_TN_p105.0_20230311T0100.tif
82.0,2022-03-28T01:00,10.6053,80.0263,0.16,161,Low,SAR_TN_p82.0_20220328T0100.tif
22.0,2022-09-24T01:00,8.2895,78.1316,0.36,251,Low,SAR_TN_p22.0_20220924T0100.tif
44.0,2024-10-07T01:00,8.8684,78.6053,0.04,334,Low,SAR_TN_p44.0_20241007T0100.tif
26.0,2024-09-25T01:00,8.2895,79.0789,1.58,238,Medium,SAR_TN_p26.0_20240925T0100.tif
1.0,2022-12-22T01:00,8.0,76.0,0.02,3,Low,SAR_TN_p1.0_20221222T0100.tif
92.0,2023-03-11T01:00,11.4737,80.2632,0.32,49,Low,SAR_TN_p92.0_20230311T0100.tif
20.0,2024-05-21T01:00,8.2895,76.7105,0.24,321,Low,SAR_TN_p20.0_20240521T0100.tif
28.0,2023-10-13T01:00,8.2895,79.5526,0.36,195,Low,SAR_TN_p28.0_20231013T0100.tif
16.0,2023-01-22T01:00,8.0,79.5526,0.56,42,Low,SAR_TN_p16.0_20230122T0100.tif
34.0,2024-07-03T01:00,8.5789,78.6053,1.14,226,Medium,SAR_TN_p34.0_20240703T0100.tif
12.0,2024-01-17T01:00,8.0,78.6053,0.34,41,Low,SAR_TN_p12.0_20240117T0100.tif
37.0,2024-04-22T01:00,8.5789,79.3158,0.14,180,Low,SAR_TN_p37.0_20240422T0100.tif
69.0,2024-10-02T00:00,9.7368,79.7895,0.48,194,Low,SAR_TN_p69.0_20241002T0000.tif
70.0,2023-08-09T13:00,9.7368,80.5,0.02,101,Low,SAR_TN_p70.0_20230809T1300.tif
85.0,2021-10-23T01:00,10.8947,80.0263,0.0,194,Low,SAR_TN_p85.0_20211023T0100.tif
10.0,2024-05-28T01:00,8.0,78.1316,1.94,259,High,SAR_TN_p10.0_20240528T0100.tif
41.0,2023-12-05T01:00,8.8684,76.2368,0.1,296,Low,SAR_TN_p41.0_20231205T0100.tif
4.0,2022-04-26T01:00,8.0,76.7105,0.0,288,Low,SAR_TN_p4.0_20220426T0100.tif
16.0,2023-04-28T01:00,8.0,79.5526,0.0,63,Low,SAR_TN_p16.0_20230428T0100.tif
1.0,2024-12-23T01:00,8.0,76.0,0.28,322,Low,SAR_TN_p1.0_20241223T0100.tif
49.0,2022-08-19T01:00,8.8684,79.7895,0.52,221,Low,SAR_TN_p49.0_20220819T0100.tif
75.0,2022-05-15T01:00,10.0263,80.0263,0.7,232,Low,SAR_TN_p75.0_20220515T0100.tif
60.0,2023-03-23T01:00,9.4474,79.0789,0.3,166,Low,SAR_TN_p60.0_20230323T0100.tif
88.0,2024-04-22T01:00,11.1842,80.0263,0.2,169,Low,SAR_TN_p88.0_20240422T0100.tif
70.0,2022-08-02T13:00,9.7368,80.5,0.38,229,Low,SAR_TN_p70.0_20220802T1300.tif
46.0,2022-11-11T01:00,8.8684,79.0789,0.7,350,Low,SAR_TN_p46.0_20221111T0100.tif
64.0,2023-12-17T01:00,9.7368,76.0,0.02,67,Low,SAR_TN_p64.0_20231217T0100.tif
7.0,2023-06-03T01:00,8.0,77.4211,0.54,285,Low,SAR_TN_p7.0_20230603T0100.tif
76.0,2024-10-26T00:00,10.0263,80.2632,0.48,232,Low,SAR_TN_p76.0_20241026T0000.tif
104.0,2022-04-21T01:00,12.9211,80.5,0.32,161,Low,SAR_TN_p104.0_20220421T0100.tif
6.0,2023-01-27T01:00,8.0,77.1842,0.46,73,Low,SAR_TN_p6.0_20230127T0100.tif
17.0,2022-11-16T01:00,8.2895,76.0,0.06,184,Low,SAR_TN_p17.0_20221116T0100.tif
63.0,2024-09-20T13:00,9.4474,79.7895,1.1,201,Medium,SAR_TN_p63.0_20240920T1300.tif
29.0,2023-10-06T01:00,8.5789,76.0,0.0,309,Low,SAR_TN_p29.0_20231006T0100.tif
73.0,2024-07-27T01:00,10.0263,79.5526,0.06,228,Low,SAR_TN_p73.0_20240727T0100.tif
42.0,2024-09-30T01:00,8.8684,76.4737,0.0,42,Low,SAR_TN_p42.0_20240930T0100.tif
18.0,2021-11-09T01:00,8.2895,76.2368,0.0,347,Low,SAR_TN_p18.0_20211109T0100.tif
30.0,2024-08-13T01:00,8.5789,76.2368,0.7,342,Low,SAR_TN_p30.0_20240813T0100.tif
8.0,2023-04-21T01:00,8.0,77.6579,0.44,265,Low,SAR_TN_p8.0_20230421T0100.tif
16.0,2023-03-06T00:00,8.0,79.5526,0.42,55,Low,SAR_TN_p16.0_20230306T0000.tif
30.0,2022-03-09T01:00,8.5789,76.2368,0.0,304,Low,SAR_TN_p30.0_20220309T0100.tif
10.0,2024-09-13T01:00,8.0,78.1316,1.3,258,Medium,SAR_TN_p10.0_20240913T0100.tif
17.0,2022-02-25T01:00,8.2895,76.0,0.02,27,Low,SAR_TN_p17.0_20220225T0100.tif
64.0,2024-01-10T01:00,9.7368,76.0,0.2,57,Low,SAR_TN_p64.0_20240110T0100.tif
52.0,2024-05-28T01:00,9.1579,78.8421,0.96,222,Medium,SAR_TN_p52.0_20240528T0100.tif
2.0,2021-12-03T01:00,8.0,76.2368,0.02,135,Low,SAR_TN_p2.0_20211203T0100.tif
18.0,2024-11-05T01:00,8.2895,76.2368,0.0,132,Low,SAR_TN_p18.0_20241105T0100.tif
74.0,2021-12-22T01:00,10.0263,79.7895,0.3,46,Low,SAR_TN_p74.0_20211222T0100.tif
78.0,2022-07-12T01:00,10.3158,76.0,0.28,293,Low,SAR_TN_p78.0_20220712T0100.tif
52.0,2024-08-20T01:00,9.1579,78.8421,0.76,202,Low,SAR_TN_p52.0_20240820T0100.tif
28.0,2023-02-03T01:00,8.2895,79.5526,0.82,40,Medium,SAR_TN_p28.0_20230203T0100.tif
64.0,2023-08-31T01:00,9.7368,76.0,0.02,0,Low,SAR_TN_p64.0_20230831T0100.tif
88.0,2021-12-22T01:00,11.1842,80.0263,0.18,40,Low,SAR_TN_p88.0_20211222T0100.tif
82.0,2023-07-09T01:00,10.6053,80.0263,0.14,234,Low,SAR_TN_p82.0_20230709T0100.tif
25.0,2022-01-27T01:00,8.2895,78.8421,0.02,39,Low,SAR_TN_p25.0_20220127T0100.tif
76.0,2022-08-02T00:00,10.0263,80.2632,0.92,246,Medium,SAR_TN_p76.0_20220802T0000.tif
36.0,2023-10-13T01:00,8.5789,79.0789,0.32,200,Low,SAR_TN_p36.0_20231013T0100.tif
60.0,2024-07-27T01:00,9.4474,79.0789,0.12,216,Low,SAR_TN_p60.0_20240727T0100.tif
53.0,2022-03-28T01:00,9.1579,79.0789,0.0,180,Low,SAR_TN_p53.0_20220328T0100.tif
75.0,2021-10-06T00:00,10.0263,80.0263,0.34,207,Low,SAR_TN_p75.0_20211006T0000.tif
50.0,2022-09-17T01:00,9.1579,76.0,0.14,324,Low,SAR_TN_p50.0_20220917T0100.tif
47.0,2024-07-15T01:00,8.8684,79.3158,1.66,225,Medium,SAR_TN_p47.0_20240715T0100.tif
37.0,2023-04-28T01:00,8.5789,79.3158,0.02,130,Low,SAR_TN_p37.0_20230428T0100.tif
51.0,2024-05-09T01:00,9.1579,76.2368,0.0,33,Low,SAR_TN_p51.0_20240509T0100.tif
99.0,2024-03-17T01:00,12.0526,80.5,0.4,122,Low,SAR_TN_p99.0_20240317T0100.tif
26.0,2022-08-19T01:00,8.2895,79.0789,0.54,244,Low,SAR_TN_p26.0_20220819T0100.tif
56.0,2024-08-15T00:00,9.1579,79.7895,1.28,208,Medium,SAR_TN_p56.0_20240815T0000.tif
69.0,2024-07-10T00:00,9.7368,79.7895,0.64,215,Low,SAR_TN_p69.0_20240710T0000.tif
75.0,2024-07-27T01:00,10.0263,80.0263,0.26,240,Low,SAR_TN_p75.0_20240727T0100.tif
29.0,2024-02-03T01:00,8.5789,76.0,0.0,19,Low,SAR_TN_p29.0_20240203T0100.tif
14.0,2024-09-25T01:00,8.0,79.0789,1.6,244,Medium,SAR_TN_p14.0_20240925T0100.tif
69.0,2024-08-15T13:00,9.7368,79.7895,0.7,199,Low,SAR_TN_p69.0_20240815T1300.tif
94.0,2024-03-29T01:00,11.7632,80.0263,0.16,156,Low,SAR_TN_p94.0_20240329T0100.tif
52.0,2024-02-22T01:00,9.1579,78.8421,0.02,191,Low,SAR_TN_p52.0_20240222T0100.tif
60.0,2024-06-09T01:00,9.4474,79.0789,0.86,205,Medium,SAR_TN_p60.0_20240609T0100.tif
57.0,2024-01-12T13:00,9.1579,80.0263,0.3,47,Low,SAR_TN_p57.0_20240112T1300.tif
54.0,2023-11-18T01:00,9.1579,79.3158,0.32,17,Low,SAR_TN_p54.0_20231118T0100.tif
5.0,2022-07-31T01:00,8.0,76.9474,0.4,318,Low,SAR_TN_p5.0_20220731T0100.tif
14.0,2022-12-29T01:00,8.0,79.0789,0.74,57,Low,SAR_TN_p14.0_20221229T0100.tif
39.0,2023-10-13T01:00,8.5789,79.7895,0.26,191,Low,SAR_TN_p39.0_20231013T0100.tif
39.0,2023-10-25T01:00,8.5789,79.7895,0.02,180,Low,SAR_TN_p39.0_20231025T0100.tif
11.0,2024-11-12T01:00,8.0,78.3684,0.0,317,Low,SAR_TN_p11.0_20241112T0100.tif
41.0,2024-05-21T01:00,8.8684,76.2368,0.12,336,Low,SAR_TN_p41.0_20240521T0100.tif
98.0,2023-04-16T01:00,12.0526,80.2632,0.12,195,Low,SAR_TN_p98.0_20230416T0100.tif
97.0,2022-05-03T01:00,12.0526,80.0263,0.2,184,Low,SAR_TN_p97.0_20220503T0100.tif
36.0,2022-11-11T01:00,8.5789,79.0789,0.7,349,Low,SAR_TN_p36.0_20221111T0100.tif
16.0,2024-09-25T01:00,8.0,79.5526,1.48,236,Medium,SAR_TN_p16.0_20240925T0100.tif
39.0,2022-01-15T01:00,8.5789,79.7895,0.06,74,Low,SAR_TN_p39.0_20220115T0100.tif
76.0,2023-11-01T00:00,10.0263,80.2632,0.28,45,Low,SAR_TN_p76.0_20231101T0000.tif
39.0,2023-07-21T01:00,8.5789,79.7895,0.96,225,Medium,SAR_TN_p39.0_20230721T0100.tif
7.0,2022-07-07T01:00,8.0,77.4211,1.12,288,Medium,SAR_TN_p7.0_20220707T0100.tif
3.0,2023-10-06T01:00,8.0,76.4737,0.16,310,Low,SAR_TN_p3.0_20231006T0100.tif
75.0,2023-02-15T01:00,10.0263,80.0263,0.2,72,Low,SAR_TN_p75.0_20230215T0100.tif
49.0,2023-11-06T01:00,8.8684,79.7895,0.0,109,Low,SAR_TN_p49.0_20231106T0100.tif
66.0,2024-06-21T01:00,9.7368,79.0789,0.24,223,Low,SAR_TN_p66.0_20240621T0100.tif
8.0,2023-05-15T01:00,8.0,77.6579,0.98,268,Medium,SAR_TN_p8.0_20230515T0100.tif
23.0,2022-02-20T01:00,8.2895,78.3684,0.6,40,Low,SAR_TN_p23.0_20220220T0100.tif
6.0,2023-07-26T01:00,8.0,77.1842,0.46,307,Low,SAR_TN_p6.0_20230726T0100.tif
33.0,2022-08-31T01:00,8.5789,78.3684,0.02,313,Low,SAR_TN_p33.0_20220831T0100.tif
2.0,2022-02-13T01:00,8.0,76.2368,0.0,202,Low,SAR_TN_p2.0_20220213T0100.tif
106.0,2022-08-19T01:00,13.5,80.5,0.32,219,Low,SAR_TN_p106.0_20220819T0100.tif
89.0,2022-03-16T01:00,11.1842,80.2632,0.0,271,Low,SAR_TN_p89.0_20220316T0100.tif
22.0,2021-11-04T01:00,8.2895,78.1316,0.04,353,Low,SAR_TN_p22.0_20211104T0100.tif
52.0,2022-01-03T01:00,9.1579,78.8421,0.82,38,Medium,SAR_TN_p52.0_20220103T0100.tif
61.0,2024-03-17T01:00,9.4474,79.3158,0.46,101,Low,SAR_TN_p61.0_20240317T0100.tif
41.0,2022-12-10T01:00,8.8684,76.2368,0.56,317,Low,SAR_TN_p41.0_20221210T0100.tif
73.0,2024-11-12T01:00,10.0263,79.5526,0.48,3,Low,SAR_TN_p73.0_20241112T0100.tif
24.0,2023-07-09T01:00,8.2895,78.6053,0.26,245,Low,SAR_TN_p24.0_20230709T0100.tif
68.0,2024-01-29T01:00,9.7368,79.5526,0.62,38,Low,SAR_TN_p68.0_20240129T0100.tif
76.0,2022-11-18T00:00,10.0263,80.2632,0.66,13,Low,SAR_TN_p76.0_20221118T0000.tif
30.0,2021-11-21T01:00,8.5789,76.2368,0.18,267,Low,SAR_TN_p30.0_20211121T0100.tif
71.0,2024-07-13T01:00,10.0263,76.0,0.52,304,Low,SAR_TN_p71.0_20240713T0100.tif
40.0,2022-09-05T01:00,8.8684,76.0,0.08,338,Low,SAR_TN_p40.0_20220905T0100.tif
28.0,2023-01-29T00:00,8.2895,79.5526,0.98,22,Medium,SAR_TN_p28.0_20230129T0000.tif
7.0,2024-08-25T01:00,8.0,77.4211,0.62,279,Low,SAR_TN_p7.0_20240825T0100.tif
64.0,2023-01-15T01:00,9.7368,76.0,0.02,11,Low,SAR_TN_p64.0_20230115T0100.tif
55.0,2024-01-29T01:00,9.1579,79.5526,0.68,43,Low,SAR_TN_p55.0_20240129T0100.tif
49.0,2023-02-15T01:00,8.8684,79.7895,0.24,58,Low,SAR_TN_p49.0_20230215T0100.tif
48.0,2024-03-17T01:00,8.8684,79.5526,0.26,97,Low,SAR_TN_p48.0_20240317T0100.tif
91.0,2022-03-16T01:00,11.4737,80.0263,0.02,260,Low,SAR_TN_p91.0_20220316T0100.tif
89.0,2022-01-27T01:00,11.1842,80.2632,0.16,92,Low,SAR_TN_p89.0_20220127T0100.tif
39.0,2024-05-16T01:00,8.5789,79.7895,0.12,218,Low,SAR_TN_p39.0_20240516T0100.tif
89.0,2024-01-29T01:00,11.1842,80.2632,1.0,43,Medium,SAR_TN_p89.0_20240129T0100.tif
14.0,2022-01-15T01:00,8.0,79.0789,0.16,66,Low,SAR_TN_p14.0_20220115T0100.tif
69.0,2024-10-31T01:00,9.7368,79.7895,0.04,177,Low,SAR_TN_p69.0_20241031T0100.tif
39.0,2023-08-02T01:00,8.5789,79.7895,0.38,220,Low,SAR_TN_p39.0_20230802T0100.tif
26.0,2022-12-29T01:00,8.2895,79.0789,0.74,55,Low,SAR_TN_p26.0_20221229T0100.tif
56.0,2022-04-16T00:00,9.1579,79.7895,0.78,211,Low,SAR_TN_p56.0_20220416T0000.tif
12.0,2024-02-22T01:00,8.0,78.6053,0.02,220,Low,SAR_TN_p12.0_20240222T0100.tif
75.0,2022-05-10T00:00,10.0263,80.0263,0.54,221,Low,SAR_TN_p75.0_20220510T0000.tif
14.0,2024-06-21T01:00,8.0,79.0789,1.4,245,Medium,SAR_TN_p14.0_20240621T0100.tif
56.0,2024-10-19T01:00,9.1579,79.7895,0.94,227,Medium,SAR_TN_p56.0_20241019T0100.tif
73.0,2021-12-22T01:00,10.0263,79.5526,0.22,39,Low,SAR_TN_p73.0_20211222T0100.tif
50.0,2024-09-18T01:00,9.1579,76.0,0.48,329,Low,SAR_TN_p50.0_20240918T0100.tif
14.0,2023-09-07T01:00,8.0,79.0789,1.5,231,Medium,SAR_TN_p14.0_20230907T0100.tif
35.0,2024-10-07T01:00,8.5789,78.8421,0.16,242,Low,SAR_TN_p35.0_20241007T0100.tif
63.0,2022-07-26T01:00,9.4474,79.7895,0.04,298,Low,SAR_TN_p63.0_20220726T0100.tif
57.0,2022-03-23T13:00,9.1579,80.0263,0.24,205,Low,SAR_TN_p57.0_20220323T1300.tif
86.0,2023-02-03T01:00,10.8947,80.2632,0.88,62,Medium,SAR_TN_p86.0_20230203T0100.tif
77.0,2024-10-14T00:00,10.0263,80.5,0.08,253,Low,SAR_TN_p77.0_20241014T0000.tif
7.0,2022-01-08T01:00,8.0,77.4211,0.36,45,Low,SAR_TN_p7.0_20220108T0100.tif
33.0,2022-12-29T01:00,8.5789,78.3684,0.7,48,Low,SAR_TN_p33.0_20221229T0100.tif
10.0,2024-10-19T01:00,8.0,78.1316,0.84,255,Medium,SAR_TN_p10.0_20241019T0100.tif
16.0,2023-08-09T00:00,8.0,79.5526,0.48,226,Low,SAR_TN_p16.0_20230809T0000.tif
85.0,2023-05-10T01:00,10.8947,80.0263,0.02,277,Low,SAR_TN_p85.0_20230510T0100.tif
56.0,2022-07-09T00:00,9.1579,79.7895,1.26,239,Medium,SAR_TN_p56.0_20220709T0000.tif
99.0,2022-08-19T01:00,12.0526,80.5,0.56,206,Low,SAR_TN_p99.0_20220819T0100.tif
59.0,2024-12-11T01:00,9.4474,76.2368,0.0,74,Low,SAR_TN_p59.0_20241211T0100.tif
63.0,2022-11-30T13:00,9.4474,79.7895,0.52,33,Low,SAR_TN_p63.0_20221130T1300.tif
103.0,2023-04-04T01:00,12.6316,80.5,0.46,176,Low,SAR_TN_p103.0_20230404T0100.tif
32.0,2023-11-23T01:00,8.5789,76.7105,0.14,126,Low,SAR_TN_p32.0_20231123T0100.tif
78.0,2023-01-03T01:00,10.3158,76.0,0.02,35,Low,SAR_TN_p78.0_20230103T0100.tif
56.0,2024-01-24T00:00,9.1579,79.7895,0.02,85,Low,SAR_TN_p56.0_20240124T0000.tif
67.0,2022-08-31T01:00,9.7368,79.3158,0.0,275,Low,SAR_TN_p67.0_20220831T0100.tif
78.0,2024-04-08T01:00,10.3158,76.0,0.0,339,Low,SAR_TN_p78.0_20240408T0100.tif
74.0,2022-07-02T01:00,10.0263,79.7895,0.18,288,Low,SAR_TN_p74.0_20220702T0100.tif
7.0,2023-01-22T01:00,8.0,77.4211,0.48,49,Low,SAR_TN_p7.0_20230122T0100.tif
104.0,2021-10-11T01:00,12.9211,80.5,0.14,252,Low,SAR_TN_p104.0_20211011T0100.tif
3.0,2022-07-31T01:00,8.0,76.4737,0.52,320,Low,SAR_TN_p3.0_20220731T0100.tif
102.0,2024-02-10T01:00,12.6316,80.2632,0.16,86,Low,SAR_TN_p102.0_20240210T0100.tif
70.0,2024-01-24T13:00,9.7368,80.5,0.12,80,Low,SAR_TN_p70.0_20240124T1300.tif
42.0,2022-09-17T01:00,8.8684,76.4737,0.18,338,Low,SAR_TN_p42.0_20220917T0100.tif
99.0,2024-12-30T01:00,12.0526,80.5,0.72,43,Low,SAR_TN_p99.0_20241230T0100.tif
40.0,2022-07-07T01:00,8.8684,76.0,0.64,273,Low,SAR_TN_p40.0_20220707T0100.tif
22.0,2024-03-29T01:00,8.2895,78.1316,0.04,59,Low,SAR_TN_p22.0_20240329T0100.tif
16.0,2022-07-21T00:00,8.0,79.5526,0.06,183,Low,SAR_TN_p16.0_20220721T0000.tif
85.0,2022-01-27T01:00,10.8947,80.0263,0.16,90,Low,SAR_TN_p85.0_20220127T0100.tif
77.0,2024-04-17T00:00,10.0263,80.5,0.18,152,Low,SAR_TN_p77.0_20240417T0000.tif
69.0,2022-06-03T00:00,9.7368,79.7895,0.56,201,Low,SAR_TN_p69.0_20220603T0000.tif
26.0,2023-11-06T01:00,8.2895,79.0789,0.0,327,Low,SAR_TN_p26.0_20231106T0100.tif
36.0,2024-08-20T01:00,8.5789,79.0789,0.9,210,Medium,SAR_TN_p36.0_20240820T0100.tif
78.0,2022-04-26T01:00,10.3158,76.0,0.0,337,Low,SAR_TN_p78.0_20220426T0100.tif
25.0,2024-10-07T01:00,8.2895,78.8421,0.22,245,Low,SAR_TN_p25.0_20241007T0100.tif
54.0,2024-07-03T01:00,9.1579,79.3158,0.9,211,Medium,SAR_TN_p54.0_20240703T0100.tif
70.0,2021-11-23T00:00,9.7368,80.5,0.22,51,Low,SAR_TN_p70.0_20211123T0000.tif
62.0,2024-11-24T01:00,9.4474,79.5526,0.46,30,Low,SAR_TN_p62.0_20241124T0100.tif
78.0,2023-11-23T01:00,10.3158,76.0,0.18,117,Low,SAR_TN_p78.0_20231123T0100.tif
62.0,2024-09-01T01:00,9.4474,79.5526,0.54,208,Low,SAR_TN_p62.0_20240901T0100.tif
28.0,2023-03-11T01:00,8.2895,79.5526,0.52,45,Low,SAR_TN_p28.0_20230311T0100.tif
82.0,2022-12-29T01:00,10.6053,80.0263,0.14,67,Low,SAR_TN_p82.0_20221229T0100.tif
45.0,2024-02-10T01:00,8.8684,78.8421,0.78,68,Low,SAR_TN_p45.0_20240210T0100.tif
7.0,2023-10-06T01:00,8.0,77.4211,0.22,293,Low,SAR_TN_p7.0_20231006T0100.tif
38.0,2023-10-20T00:00,8.5789,79.5526,0.02,168,Low,SAR_TN_p38.0_20231020T0000.tif
34.0,2022-07-02T01:00,8.5789,78.6053,0.64,280,Low,SAR_TN_p34.0_20220702T0100.tif
88.0,2023-02-03T01:00,11.1842,80.0263,0.9,55,Medium,SAR_TN_p88.0_20230203T0100.tif
12.0,2023-01-10T01:00,8.0,78.6053,1.4,35,Medium,SAR_TN_p12.0_20230110T0100.tif
65.0,2022-02-01T01:00,9.7368,76.2368,0.0,96,Low,SAR_TN_p65.0_20220201T0100.tif
38.0,2022-07-21T00:00,8.5789,79.5526,0.26,171,Low,SAR_TN_p38.0_20220721T0000.tif
94.0,2023-08-14T01:00,11.7632,80.0263,0.02,108,Low,SAR_TN_p94.0_20230814T0100.tif
15.0,2022-07-26T01:00,8.0,79.3158,0.04,341,Low,SAR_TN_p15.0_20220726T0100.tif
75.0,2022-05-27T01:00,10.0263,80.0263,0.74,221,Low,SAR_TN_p75.0_20220527T0100.tif
33.0,2023-11-06T01:00,8.5789,78.3684,0.0,327,Low,SAR_TN_p33.0_20231106T0100.tif
36.0,2024-10-07T01:00,8.5789,79.0789,0.2,216,Low,SAR_TN_p36.0_20241007T0100.tif
17.0,2024-07-08T01:00,8.2895,76.0,1.1,279,Medium,SAR_TN_p17.0_20240708T0100.tif
69.0,2022-03-11T13:00,9.7368,79.7895,0.4,50,Low,SAR_TN_p69.0_20220311T1300.tif
42.0,2024-11-29T01:00,8.8684,76.4737,0.16,317,Low,SAR_TN_p42.0_20241129T0100.tif
5.0,2022-03-21T01:00,8.0,76.9474,0.42,302,Low,SAR_TN_p5.0_20220321T0100.tif
7.0,2024-12-30T01:00,8.0,77.4211,0.36,42,Low,SAR_TN_p7.0_20241230T0100.tif
73.0,2023-07-09T01:00,10.0263,79.5526,0.0,5,Low,SAR_TN_p73.0_20230709T0100.tif
101.0,2023-08-02T01:00,12.3421,80.5,0.44,244,Low,SAR_TN_p101.0_20230802T0100.tif
74.0,2022-10-30T01:00,10.0263,79.7895,0.46,27,Low,SAR_TN_p74.0_20221030T0100.tif
65.0,2024-01-22T01:00,9.7368,76.2368,0.02,287,Low,SAR_TN_p65.0_20240122T0100.tif
68.0,2024-12-06T01:00,9.7368,79.5526,0.2,43,Low,SAR_TN_p68.0_20241206T0100.tif
17.0,2024-05-09T01:00,8.2895,76.0,0.0,277,Low,SAR_TN_p17.0_20240509T0100.tif
25.0,2023-11-30T01:00,8.2895,78.8421,0.34,44,Low,SAR_TN_p25.0_20231130T0100.tif
24.0,2024-01-17T01:00,8.2895,78.6053,0.28,46,Low,SAR_TN_p24.0_20240117T0100.tif
45.0,2023-04-28T01:00,8.8684,78.8421,0.0,156,Low,SAR_TN_p45.0_20230428T0100.tif
83.0,2024-01-29T01:00,10.6053,80.2632,1.0,42,Medium,SAR_TN_p83.0_20240129T0100.tif
11.0,2024-09-13T01:00,8.0,78.3684,1.3,254,Medium,SAR_TN_p11.0_20240913T0100.tif
32.0,2024-02-03T01:00,8.5789,76.7105,0.02,217,Low,SAR_TN_p32.0_20240203T0100.tif
28.0,2022-04-16T00:00,8.2895,79.5526,0.56,209,Low,SAR_TN_p28.0_20220416T0000.tif
31.0,2024-08-13T01:00,8.5789,76.4737,0.64,343,Low,SAR_TN_p31.0_20240813T0100.tif
36.0,2023-11-30T01:00,8.5789,79.0789,0.38,50,Low,SAR_TN_p36.0_20231130T0100.tif
57.0,2023-09-14T00:00,9.1579,80.0263,0.84,223,Medium,SAR_TN_p57.0_20230914T0000.tif
83.0,2023-03-23T01:00,10.6053,80.2632,0.36,151,Low,SAR_TN_p83.0_20230323T0100.tif
58.0,2023-03-04T01:00,9.4474,76.0,0.0,239,Low,SAR_TN_p58.0_20230304T0100.tif
18.0,2021-12-03T01:00,8.2895,76.2368,0.0,161,Low,SAR_TN_p18.0_20211203T0100.tif
103.0,2024-07-03T01:00,12.6316,80.5,0.7,203,Low,SAR_TN_p103.0_20240703T0100.tif
92.0,2023-08-02T01:00,11.4737,80.2632,0.24,243,Low,SAR_TN_p92.0_20230802T0100.tif
46.0,2023-07-09T01:00,8.8684,79.0789,0.1,257,Low,SAR_TN_p46.0_20230709T0100.tif
20.0,2021-11-21T01:00,8.2895,76.7105,0.22,278,Low,SAR_TN_p20.0_20211121T0100.tif
49.0,2022-11-30T00:00,8.8684,79.7895,0.22,45,Low,SAR_TN_p49.0_20221130T0000.tif
67.0,2024-01-17T01:00,9.7368,79.3158,0.02,58,Low,SAR_TN_p67.0_20240117T0100.tif
36.0,2023-08-26T01:00,8.5789,79.0789,0.92,216,Medium,SAR_TN_p36.0_20230826T0100.tif
97.0,2022-02-20T01:00,12.0526,80.0263,0.02,34,Low,SAR_TN_p97.0_20220220T0100.tif
66.0,2022-09-24T01:00,9.7368,79.0789,0.0,312,Low,SAR_TN_p66.0_20220924T0100.tif
74.0,2023-10-13T01:00,10.0263,79.7895,0.18,182,Low,SAR_TN_p74.0_20231013T0100.tif
69.0,2024-04-05T13:00,9.7368,79.7895,0.04,187,Low,SAR_TN_p69.0_20240405T1300.tif
22.0,2022-01-27T01:00,8.2895,78.1316,0.08,9,Low,SAR_TN_p22.0_20220127T0100.tif
91.0,2024-08-20T01:00,11.4737,80.0263,0.32,202,Low,SAR_TN_p91.0_20240820T0100.tif
31.0,2022-09-17T01:00,8.5789,76.4737,0.24,331,Low,SAR_TN_p31.0_20220917T0100.tif
28.0,2024-11-12T01:00,8.2895,79.5526,0.12,4,Low,SAR_TN_p28.0_20241112T0100.tif
18.0,2024-05-09T01:00,8.2895,76.2368,0.0,300,Low,SAR_TN_p18.0_20240509T0100.tif
2.0,2024-05-21T01:00,8.0,76.2368,0.66,283,Low,SAR_TN_p2.0_20240521T0100.tif
55.0,2024-07-03T01:00,9.1579,79.5526,1.24,211,Medium,SAR_TN_p55.0_20240703T0100.tif
10.0,2023-05-10T01:00,8.0,78.1316,0.8,265,Low,SAR_TN_p10.0_20230510T0100.tif
52.0,2023-04-04T01:00,9.1579,78.8421,0.32,162,Low,SAR_TN_p52.0_20230404T0100.tif
34.0,2024-02-10T01:00,8.5789,78.6053,1.0,64,Medium,SAR_TN_p34.0_20240210T0100.tif
15.0,2022-12-29T01:00,8.0,79.3158,0.64,56,Low,SAR_TN_p15.0_20221229T0100.tif
7.0,2024-01-29T01:00,8.0,77.4211,0.72,57,Low,SAR_TN_p7.0_20240129T0100.tif
49.0,2022-08-14T00:00,8.8684,79.7895,0.44,184,Low,SAR_TN_p49.0_20220814T0000.tif
78.0,2024-01-22T01:00,10.3158,76.0,0.18,18,Low,SAR_TN_p78.0_20240122T0100.tif
14.0,2023-08-26T01:00,8.0,79.0789,0.56,228,Low,SAR_TN_p14.0_20230826T0100.tif
70.0,2023-11-13T13:00,9.7368,80.5,0.34,35,Low,SAR_TN_p70.0_20231113T1300.tif
74.0,2022-11-11T01:00,10.0263,79.7895,0.88,347,Medium,SAR_TN_p74.0_20221111T0100.tif
106.0,2023-08-14T01:00,13.5,80.5,0.38,197,Low,SAR_TN_p106.0_20230814T0100.tif
25.0,2024-05-28T01:00,8.2895,78.8421,2.24,238,High,SAR_TN_p25.0_20240528T0100.tif
47.0,2024-03-17T01:00,8.8684,79.3158,0.34,102,Low,SAR_TN_p47.0_20240317T0100.tif
58.0,2024-10-24T01:00,9.4474,76.0,0.02,187,Low,SAR_TN_p58.0_20241024T0100.tif
78.0,2024-12-16T01:00,10.3158,76.0,0.42,56,Low,SAR_TN_p78.0_20241216T0100.tif
49.0,2021-11-16T01:00,8.8684,79.7895,0.56,243,Low,SAR_TN_p49.0_20211116T0100.tif
36.0,2024-03-05T01:00,8.5789,79.0789,0.46,72,Low,SAR_TN_p36.0_20240305T0100.tif
56.0,2023-02-27T01:00,9.1579,79.7895,0.44,45,Low,SAR_TN_p56.0_20230227T0100.tif
46.0,2022-03-28T01:00,8.8684,79.0789,0.0,187,Low,SAR_TN_p46.0_20220328T0100.tif
30.0,2021-12-03T01:00,8.5789,76.2368,0.0,161,Low,SAR_TN_p30.0_20211203T0100.tif
18.0,2024-11-29T01:00,8.2895,76.2368,0.4,310,Low,SAR_TN_p18.0_20241129T0100.tif
6.0,2024-07-20T01:00,8.0,77.1842,0.58,282,Low,SAR_TN_p6.0_20240720T0100.tif
86.0,2022-10-06T01:00,10.8947,80.2632,0.32,224,Low,SAR_TN_p86.0_20221006T0100.tif
104.0,2024-07-15T01:00,12.9211,80.5,0.6,210,Low,SAR_TN_p104.0_20240715T0100.tif
66.0,2022-04-09T01:00,9.7368,79.0789,0.0,349,Low,SAR_TN_p66.0_20220409T0100.tif
101.0,2023-05-22T01:00,12.3421,80.5,0.78,194,Low,SAR_TN_p101.0_20230522T0100.tif
6.0,2021-11-09T01:00,8.0,77.1842,0.02,42,Low,SAR_TN_p6.0_20211109T0100.tif
15.0,2022-06-20T01:00,8.0,79.3158,0.76,240,Low,SAR_TN_p15.0_20220620T0100.tif
52.0,2024-06-09T01:00,9.1579,78.8421,1.16,211,Medium,SAR_TN_p52.0_20240609T0100.tif
31.0,2021-12-15T01:00,8.5789,76.4737,0.26,53,Low,SAR_TN_p31.0_20211215T0100.tif
17.0,2021-12-03T01:00,8.2895,76.0,0.0,164,Low,SAR_TN_p17.0_20211203T0100.tif
68.0,2023-05-22T01:00,9.7368,79.5526,0.66,200,Low,SAR_TN_p68.0_20230522T0100.tif
82.0,2023-01-22T01:00,10.6053,80.0263,0.64,44,Low,SAR_TN_p82.0_20230122T0100.tif
23.0,2024-09-01T01:00,8.2895,78.3684,1.3,234,Medium,SAR_TN_p23.0_20240901T0100.tif
13.0,2024-01-29T01:00,8.0,78.8421,1.16,45,Medium,SAR_TN_p13.0_20240129T0100.tif
100.0,2023-04-04T01:00,12.3421,80.2632,0.42,176,Low,SAR_TN_p100.0_20230404T0100.tif
47.0,2022-11-11T01:00,8.8684,79.3158,0.86,348,Medium,SAR_TN_p47.0_20221111T0100.tif
26.0,2024-07-03T01:00,8.2895,79.0789,1.18,236,Medium,SAR_TN_p26.0_20240703T0100.tif
31.0,2023-05-03T01:00,8.5789,76.4737,0.0,311,Low,SAR_TN_p31.0_20230503T0100.tif
75.0,2023-07-04T00:00,10.0263,80.0263,0.62,232,Low,SAR_TN_p75.0_20230704T0000.tif
35.0,2023-06-03T01:00,8.5789,78.8421,1.42,222,Medium,SAR_TN_p35.0_20230603T0100.tif
37.0,2024-09-25T01:00,8.5789,79.3158,1.58,233,Medium,SAR_TN_p37.0_20240925T0100.tif
27.0,2022-01-15T01:00,8.2895,79.3158,0.22,68,Low,SAR_TN_p27.0_20220115T0100.tif
97.0,2023-02-15T01:00,12.0526,80.0263,0.0,309,Low,SAR_TN_p97.0_20230215T0100.tif
1.0,2023-05-15T01:00,8.0,76.0,0.6,257,Low,SAR_TN_p1.0_20230515T0100.tif
55.0,2023-05-22T01:00,9.1579,79.5526,1.0,200,Medium,SAR_TN_p55.0_20230522T0100.tif
1.0,2023-02-08T01:00,8.0,76.0,0.0,358,Low,SAR_TN_p1.0_20230208T0100.tif
28.0,2022-02-27T00:00,8.2895,79.5526,0.5,59,Low,SAR_TN_p28.0_20220227T0000.tif
24.0,2023-08-26T01:00,8.2895,78.6053,0.78,224,Low,SAR_TN_p24.0_20230826T0100.tif
45.0,2023-05-10T01:00,8.8684,78.8421,0.0,285,Low,SAR_TN_p45.0_20230510T0100.tif
37.0,2022-10-06T01:00,8.5789,79.3158,1.4,232,Medium,SAR_TN_p37.0_20221006T0100.tif
25.0,2024-06-09T01:00,8.2895,78.8421,1.44,224,Medium,SAR_TN_p25.0_20240609T0100.tif
101.0,2023-05-10T01:00,12.3421,80.5,0.02,265,Low,SAR_TN_p101.0_20230510T0100.tif
63.0,2022-04-16T00:00,9.4474,79.7895,0.84,208,Medium,SAR_TN_p63.0_20220416T0000.tif
10.0,2024-07-03T01:00,8.0,78.1316,0.96,257,Medium,SAR_TN_p10.0_20240703T0100.tif
5.0,2023-06-20T01:00,8.0,76.9474,0.5,310,Low,SAR_TN_p5.0_20230620T0100.tif
61.0,2023-04-28T01:00,9.4474,79.3158,0.28,115,Low,SAR_TN_p61.0_20230428T0100.tif
51.0,2022-05-08T01:00,9.1579,76.2368,0.38,324,Low,SAR_TN_p51.0_20220508T0100.tif
69.0,2023-03-30T00:00,9.7368,79.7895,0.22,124,Low,SAR_TN_p69.0_20230330T0000.tif
51.0,2023-11-23T01:00,9.1579,76.2368,0.12,135,Low,SAR_TN_p51.0_20231123T0100.tif
70.0,2022-02-03T13:00,9.7368,80.5,0.0,41,Low,SAR_TN_p70.0_20220203T1300.tif
43.0,2022-07-02T01:00,8.8684,78.3684,0.36,245,Low,SAR_TN_p43.0_20220702T0100.tif
34.0,2022-08-31T01:00,8.5789,78.6053,0.0,310,Low,SAR_TN_p34.0_20220831T0100.tif
78.0,2021-11-21T01:00,10.3158,76.0,0.1,128,Low,SAR_TN_p78.0_20211121T0100.tif
85.0,2022-12-05T01:00,10.8947,80.0263,0.5,49,Low,SAR_TN_p85.0_20221205T0100.tif
37.0,2024-03-05T01:00,8.5789,79.3158,0.44,71,Low,SAR_TN_p37.0_20240305T0100.tif
12.0,2024-03-05T01:00,8.0,78.6053,0.28,58,Low,SAR_TN_p12.0_20240305T0100.tif
23.0,2023-09-07T01:00,8.2895,78.3684,1.46,222,Medium,SAR_TN_p23.0_20230907T0100.tif
75.0,2023-03-18T00:00,10.0263,80.0263,0.34,102,Low,SAR_TN_p75.0_20230318T0000.tif
14.0,2024-12-18T01:00,8.0,79.0789,0.14,9,Low,SAR_TN_p14.0_20241218T0100.tif
61.0,2022-12-29T01:00,9.4474,79.3158,0.4,54,Low,SAR_TN_p61.0_20221229T0100.tif
94.0,2023-02-27T01:00,11.7632,80.0263,0.06,344,Low,SAR_TN_p94.0_20230227T0100.tif
62.0,2024-08-20T01:00,9.4474,79.5526,0.92,199,Medium,SAR_TN_p62.0_20240820T0100.tif
105.0,2023-04-16T01:00,13.2105,80.5,0.1,203,Low,SAR_TN_p105.0_20230416T0100.tif
71.0,2024-02-20T01:00,10.0263,76.0,0.2,349,Low,SAR_TN_p71.0_20240220T0100.tif
106.0,2024-01-17T01:00,13.5,80.5,0.1,104,Low,SAR_TN_p106.0_20240117T0100.tif
11.0,2022-11-23T01:00,8.0,78.3684,0.66,266,Low,SAR_TN_p11.0_20221123T0100.tif
48.0,2023-02-27T01:00,8.8684,79.5526,0.54,42,Low,SAR_TN_p48.0_20230227T0100.tif
102.0,2021-11-17T13:00,12.6316,80.2632,0.42,32,Low,SAR_TN_p102.0_20211117T1300.tif
85.0,2022-02-08T01:00,10.8947,80.0263,0.34,48,Low,SAR_TN_p85.0_20220208T0100.tif
39.0,2023-10-08T00:00,8.5789,79.7895,0.58,200,Low,SAR_TN_p39.0_20231008T0000.tif
19.0,2023-08-07T01:00,8.2895,76.4737,0.78,327,Low,SAR_TN_p19.0_20230807T0100.tif
17.0,2021-11-09T01:00,8.2895,76.0,0.02,336,Low,SAR_TN_p17.0_20211109T0100.tif
33.0,2021-10-11T01:00,8.5789,78.3684,0.88,226,Medium,SAR_TN_p33.0_20211011T0100.tif
97.0,2024-02-22T01:00,12.0526,80.0263,0.22,185,Low,SAR_TN_p97.0_20240222T0100.tif
96.0,2022-01-03T01:00,11.7632,80.5,0.8,50,Low,SAR_TN_p96.0_20220103T0100.tif
41.0,2023-09-24T01:00,8.8684,76.2368,0.32,337,Low,SAR_TN_p41.0_20230924T0100.tif
40.0,2022-02-13T01:00,8.8684,76.0,0.0,19,Low,SAR_TN_p40.0_20220213T0100.tif
45.0,2024-05-16T01:00,8.8684,78.8421,0.0,258,Low,SAR_TN_p45.0_20240516T0100.tif
16.0,2024-03-29T01:00,8.0,79.5526,0.02,174,Low,SAR_TN_p16.0_20240329T0100.tif
63.0,2023-09-26T00:00,9.4474,79.7895,0.52,207,Low,SAR_TN_p63.0_20230926T0000.tif
57.0,2023-01-17T13:00,9.1579,80.0263,0.32,29,Low,SAR_TN_p57.0_20230117T1300.tif
47.0,2021-10-23T01:00,8.8684,79.3158,0.02,192,Low,SAR_TN_p47.0_20211023T0100.tif
69.0,2024-02-05T13:00,9.7368,79.7895,0.48,44,Low,SAR_TN_p69.0_20240205T1300.tif
58.0,2024-04-15T01:00,9.4474,76.0,0.0,45,Low,SAR_TN_p58.0_20240415T0100.tif
89.0,2022-11-11T01:00,11.1842,80.2632,0.96,25,Medium,SAR_TN_p89.0_20221111T0100.tif
106.0,2024-12-18T01:00,13.5,80.5,0.52,357,Low,SAR_TN_p106.0_20241218T0100.tif
56.0,2021-10-06T13:00,9.1579,79.7895,1.04,209,Medium,SAR_TN_p56.0_20211006T1300.tif
94.0,2024-10-07T01:00,11.7632,80.0263,0.0,109,Low,SAR_TN_p94.0_20241007T0100.tif
10.0,2022-05-15T01:00,8.0,78.1316,2.28,252,High,SAR_TN_p10.0_20220515T0100.tif
46.0,2022-01-03T01:00,8.8684,79.0789,1.16,47,Medium,SAR_TN_p46.0_20220103T0100.tif
39.0,2023-12-07T00:00,8.5789,79.7895,0.0,162,Low,SAR_TN_p39.0_20231207T0000.tif
27.0,2023-08-26T01:00,8.2895,79.3158,0.68,219,Low,SAR_TN_p27.0_20230826T0100.tif
69.0,2021-12-10T01:00,9.7368,79.7895,0.28,45,Low,SAR_TN_p69.0_20211210T0100.tif
76.0,2023-04-11T00:00,10.0263,80.2632,0.3,69,Low,SAR_TN_p76.0_20230411T0000.tif
8.0,2023-10-25T01:00,8.0,77.6579,0.02,143,Low,SAR_TN_p8.0_20231025T0100.tif
32.0,2021-12-27T01:00,8.5789,76.7105,0.04,79,Low,SAR_TN_p32.0_20211227T0100.tif
49.0,2022-08-26T00:00,8.8684,79.7895,0.14,166,Low,SAR_TN_p49.0_20220826T0000.tif
78.0,2023-05-27T01:00,10.3158,76.0,0.0,340,Low,SAR_TN_p78.0_20230527T0100.tif
38.0,2024-02-17T00:00,8.5789,79.5526,0.68,38,Low,SAR_TN_p38.0_20240217T0000.tif
82.0,2024-12-06T01:00,10.6053,80.0263,0.16,47,Low,SAR_TN_p82.0_20241206T0100.tif
69.0,2022-05-10T13:00,9.7368,79.7895,0.3,202,Low,SAR_TN_p69.0_20220510T1300.tif
38.0,2024-01-29T01:00,8.5789,79.5526,0.78,39,Low,SAR_TN_p38.0_20240129T0100.tif
29.0,2022-12-22T01:00,8.5789,76.0,0.0,87,Low,SAR_TN_p29.0_20221222T0100.tif
71.0,2023-11-23T01:00,10.0263,76.0,0.1,133,Low,SAR_TN_p71.0_20231123T0100.tif
100.0,2023-07-09T01:00,12.3421,80.2632,0.24,227,Low,SAR_TN_p100.0_20230709T0100.tif
25.0,2021-10-23T01:00,8.2895,78.8421,0.12,188,Low,SAR_TN_p25.0_20211023T0100.tif
32.0,2024-05-21T01:00,8.5789,76.7105,0.18,340,Low,SAR_TN_p32.0_20240521T0100.tif
98.0,2022-07-02T01:00,12.0526,80.2632,0.04,233,Low,SAR_TN_p98.0_20220702T0100.tif
12.0,2022-11-23T01:00,8.0,78.6053,0.62,267,Low,SAR_TN_p12.0_20221123T0100.tif
14.0,2022-02-08T01:00,8.0,79.0789,0.54,43,Low,SAR_TN_p14.0_20220208T0100.tif
8.0,2024-09-30T01:00,8.0,77.6579,0.3,50,Low,SAR_TN_p8.0_20240930T0100.tif
83.0,2022-01-27T01:00,10.6053,80.2632,0.16,82,Low,SAR_TN_p83.0_20220127T0100.tif
1.0,2022-03-21T01:00,8.0,76.0,0.32,304,Low,SAR_TN_p1.0_20220321T0100.tif
34.0,2024-01-29T01:00,8.5789,78.6053,1.04,46,Medium,SAR_TN_p34.0_20240129T0100.tif
44.0,2023-11-06T01:00,8.8684,78.6053,0.0,311,Low,SAR_TN_p44.0_20231106T0100.tif
23.0,2023-10-01T01:00,8.2895,78.3684,1.38,231,Medium,SAR_TN_p23.0_20231001T0100.tif
6.0,2021-12-27T01:00,8.0,77.1842,0.74,73,Low,SAR_TN_p6.0_20211227T0100.tif
49.0,2024-07-22T00:00,8.8684,79.7895,0.8,242,Low,SAR_TN_p49.0_20240722T0000.tif
96.0,2024-10-07T01:00,11.7632,80.5,0.0,125,Low,SAR_TN_p96.0_20241007T0100.tif
59.0,2021-12-15T01:00,9.4474,76.2368,0.0,60,Low,SAR_TN_p59.0_20211215T0100.tif
49.0,2023-01-05T00:00,8.8684,79.7895,0.44,42,Low,SAR_TN_p49.0_20230105T0000.tif
9.0,2024-06-21T01:00,8.0,77.8947,1.12,262,Medium,SAR_TN_p9.0_20240621T0100.tif
16.0,2024-01-29T01:00,8.0,79.5526,0.66,39,Low,SAR_TN_p16.0_20240129T0100.tif
9.0,2022-05-27T01:00,8.0,77.8947,0.92,259,Medium,SAR_TN_p9.0_20220527T0100.tif
70.0,2023-09-26T00:00,9.7368,80.5,0.32,213,Low,SAR_TN_p70.0_20230926T0000.tif
73.0,2021-11-28T01:00,10.0263,79.5526,0.28,64,Low,SAR_TN_p73.0_20211128T0100.tif
20.0,2023-05-15T01:00,8.2895,76.7105,0.48,271,Low,SAR_TN_p20.0_20230515T0100.tif
41.0,2024-08-13T01:00,8.8684,76.2368,0.64,345,Low,SAR_TN_p41.0_20240813T0100.tif
73.0,2023-01-10T01:00,10.0263,79.5526,0.5,22,Low,SAR_TN_p73.0_20230110T0100.tif
10.0,2023-06-15T01:00,8.0,78.1316,1.42,261,Medium,SAR_TN_p10.0_20230615T0100.tif
21.0,2024-11-17T01:00,8.2895,76.9474,0.0,106,Low,SAR_TN_p21.0_20241117T0100.tif
28.0,2023-12-19T00:00,8.2895,79.5526,0.72,48,Low,SAR_TN_p28.0_20231219T0000.tif
42.0,2023-06-08T01:00,8.8684,76.4737,0.26,312,Low,SAR_TN_p42.0_20230608T0100.tif
42.0,2022-07-31T01:00,8.8684,76.4737,0.38,323,Low,SAR_TN_p42.0_20220731T0100.tif
3.0,2024-04-03T01:00,8.0,76.4737,0.0,298,Low,SAR_TN_p3.0_20240403T0100.tif
52.0,2024-07-03T01:00,9.1579,78.8421,0.54,215,Low,SAR_TN_p52.0_20240703T0100.tif
17.0,2022-05-08T01:00,8.2895,76.0,0.5,314,Low,SAR_TN_p17.0_20220508T0100.tif
96.0,2022-06-20T01:00,11.7632,80.5,0.22,228,Low,SAR_TN_p96.0_20220620T0100.tif
91.0,2023-07-21T01:00,11.4737,80.0263,0.32,237,Low,SAR_TN_p91.0_20230721T0100.tif
60.0,2022-09-12T01:00,9.4474,79.0789,0.58,215,Low,SAR_TN_p60.0_20220912T0100.tif
31.0,2024-03-10T01:00,8.5789,76.4737,0.0,98,Low,SAR_TN_p31.0_20240310T0100.tif
6.0,2022-10-23T01:00,8.0,77.1842,0.04,276,Low,SAR_TN_p6.0_20221023T0100.tif
82.0,2024-03-17T01:00,10.6053,80.0263,0.36,115,Low,SAR_TN_p82.0_20240317T0100.tif
26.0,2024-06-09T01:00,8.2895,79.0789,1.42,223,Medium,SAR_TN_p26.0_20240609T0100.tif
88.0,2022-07-26T01:00,11.1842,80.0263,0.02,287,Low,SAR_TN_p88.0_20220726T0100.tif
56.0,2023-01-29T00:00,9.1579,79.7895,0.78,24,Low,SAR_TN_p56.0_20230129T0000.tif
43.0,2023-01-22T01:00,8.8684,78.3684,0.54,32,Low,SAR_TN_p43.0_20230122T0100.tif
58.0,2022-03-09T01:00,9.4474,76.0,0.0,58,Low,SAR_TN_p58.0_20220309T0100.tif
24.0,2023-06-27T01:00,8.2895,78.6053,1.36,239,Medium,SAR_TN_p24.0_20230627T0100.tif
8.0,2023-04-09T01:00,8.0,77.6579,0.54,56,Low,SAR_TN_p8.0_20230409T0100.tif
53.0,2023-08-26T01:00,9.1579,79.0789,0.96,203,Medium,SAR_TN_p53.0_20230826T0100.tif
42.0,2022-09-05T01:00,8.8684,76.4737,0.0,82,Low,SAR_TN_p42.0_20220905T0100.tif
70.0,2024-04-17T00:00,9.7368,80.5,0.02,153,Low,SAR_TN_p70.0_20240417T0000.tif
29.0,2023-09-24T01:00,8.5789,76.0,0.28,327,Low,SAR_TN_p29.0_20230924T0100.tif
15.0,2022-09-24T01:00,8.0,79.3158,1.06,251,Medium,SAR_TN_p15.0_20220924T0100.tif
59.0,2023-01-15T01:00,9.4474,76.2368,0.02,77,Low,SAR_TN_p59.0_20230115T0100.tif
105.0,2023-11-06T01:00,13.2105,80.5,0.0,281,Low,SAR_TN_p105.0_20231106T0100.tif
78.0,2024-02-08T01:00,10.3158,76.0,0.0,64,Low,SAR_TN_p78.0_20240208T0100.tif
70.0,2024-09-20T13:00,9.7368,80.5,0.42,225,Low,SAR_TN_p70.0_20240920T1300.tif
88.0,2023-11-06T01:00,11.1842,80.0263,0.0,318,Low,SAR_TN_p88.0_20231106T0100.tif
75.0,2021-12-22T01:00,10.0263,80.0263,0.3,45,Low,SAR_TN_p75.0_20211222T0100.tif
96.0,2024-06-21T01:00,11.7632,80.5,0.6,228,Low,SAR_TN_p96.0_20240621T0100.tif
32.0,2023-06-08T01:00,8.5789,76.7105,0.36,311,Low,SAR_TN_p32.0_20230608T0100.tif
106.0,2022-11-23T01:00,13.5,80.5,0.0,276,Low,SAR_TN_p106.0_20221123T0100.tif
34.0,2024-10-07T01:00,8.5789,78.6053,0.06,282,Low,SAR_TN_p34.0_20241007T0100.tif
79.0,2024-01-17T01:00,10.3158,80.0263,0.0,20,Low,SAR_TN_p79.0_20240117T0100.tif
56.0,2024-02-29T00:00,9.1579,79.7895,0.34,47,Low,SAR_TN_p56.0_20240229T0000.tif
26.0,2022-07-14T01:00,8.2895,79.0789,1.9,242,High,SAR_TN_p26.0_20220714T0100.tif
60.0,2023-07-09T01:00,9.4474,79.0789,0.0,308,Low,SAR_TN_p60.0_20230709T0100.tif
69.0,2024-11-24T01:00,9.7368,79.7895,0.4,22,Low,SAR_TN_p69.0_20241124T0100.tif
98.0,2023-11-18T01:00,12.0526,80.2632,0.34,47,Low,SAR_TN_p98.0_20231118T0100.tif
30.0,2024-04-27T01:00,8.5789,76.2368,0.0,338,Low,SAR_TN_p30.0_20240427T0100.tif
16.0,2022-05-27T01:00,8.0,79.5526,1.24,231,Medium,SAR_TN_p16.0_20220527T0100.tif
28.0,2022-05-03T01:00,8.2895,79.5526,0.42,233,Low,SAR_TN_p28.0_20220503T0100.tif
42.0,2023-01-03T01:00,8.8684,76.4737,0.18,54,Low,SAR_TN_p42.0_20230103T0100.tif
56.0,2024-02-10T01:00,9.1579,79.7895,0.56,58,Low,SAR_TN_p56.0_20240210T0100.tif
63.0,2024-04-29T00:00,9.4474,79.7895,0.18,148,Low,SAR_TN_p63.0_20240429T0000.tif
63.0,2023-05-29T13:00,9.4474,79.7895,0.72,197,Low,SAR_TN_p63.0_20230529T1300.tif
68.0,2023-11-18T01:00,9.7368,79.5526,0.16,33,Low,SAR_TN_p68.0_20231118T0100.tif
69.0,2022-03-16T01:00,9.7368,79.7895,0.0,274,Low,SAR_TN_p69.0_20220316T0100.tif
56.0,2023-03-11T01:00,9.1579,79.7895,0.38,56,Low,SAR_TN_p56.0_20230311T0100.tif
20.0,2022-12-10T01:00,8.2895,76.7105,1.02,303,Medium,SAR_TN_p20.0_20221210T0100.tif
83.0,2024-04-22T01:00,10.6053,80.2632,0.34,159,Low,SAR_TN_p83.0_20240422T0100.tif
94.0,2022-12-29T01:00,11.7632,80.0263,0.0,73,Low,SAR_TN_p94.0_20221229T0100.tif
100.0,2024-05-16T01:00,12.3421,80.2632,0.0,150,Low,SAR_TN_p100.0_20240516T0100.tif
55.0,2024-09-25T01:00,9.1579,79.5526,1.12,214,Medium,SAR_TN_p55.0_20240925T0100.tif
96.0,2022-10-30T01:00,11.7632,80.5,0.38,31,Low,SAR_TN_p96.0_20221030T0100.tif
75.0,2024-08-15T00:00,10.0263,80.0263,0.62,198,Low,SAR_TN_p75.0_20240815T0000.tif
48.0,2021-11-04T01:00,8.8684,79.5526,0.0,236,Low,SAR_TN_p48.0_20211104T0100.tif
75.0,2022-06-20T01:00,10.0263,80.0263,0.32,202,Low,SAR_TN_p75.0_20220620T0100.tif
54.0,2022-02-08T01:00,9.1579,79.3158,0.46,41,Low,SAR_TN_p54.0_20220208T0100.tif
16.0,2023-07-09T01:00,8.0,79.5526,0.54,237,Low,SAR_TN_p16.0_20230709T0100.tif
54.0,2021-11-28T01:00,9.1579,79.3158,0.38,66,Low,SAR_TN_p54.0_20211128T0100.tif
49.0,2022-05-15T01:00,8.8684,79.7895,2.68,231,High,SAR_TN_p49.0_20220515T0100.tif
4.0,2024-06-14T01:00,8.0,76.7105,0.48,286,Low,SAR_TN_p4.0_20240614T0100.tif
8.0,2023-07-14T01:00,8.0,77.6579,1.04,274,Medium,SAR_TN_p8.0_20230714T0100.tif
63.0,2023-06-10T00:00,9.4474,79.7895,1.02,219,Medium,SAR_TN_p63.0_20230610T0000.tif
45.0,2022-09-12T01:00,8.8684,78.8421,1.38,217,Medium,SAR_TN_p45.0_20220912T0100.tif
95.0,2022-03-04T01:00,11.7632,80.2632,1.32,37,Medium,SAR_TN_p95.0_20220304T0100.tif
77.0,2022-10-01T00:00,10.0263,80.5,0.9,241,Medium,SAR_TN_p77.0_20221001T0000.tif
35.0,2024-09-25T01:00,8.5789,78.8421,1.34,235,Medium,SAR_TN_p35.0_20240925T0100.tif
16.0,2024-05-28T01:00,8.0,79.5526,2.12,238,High,SAR_TN_p16.0_20240528T0100.tif
103.0,2023-08-26T01:00,12.6316,80.5,0.86,194,Medium,SAR_TN_p103.0_20230826T0100.tif
22.0,2024-07-15T01:00,8.2895,78.1316,1.26,239,Medium,SAR_TN_p22.0_20240715T0100.tif
49.0,2024-07-03T01:00,8.8684,79.7895,1.34,224,Medium,SAR_TN_p49.0_20240703T0100.tif
38.0,2022-05-27T01:00,8.5789,79.5526,1.38,228,Medium,SAR_TN_p38.0_20220527T0100.tif
8.0,2021-12-15T01:00,8.0,77.6579,0.9,40,Medium,SAR_TN_p8.0_20211215T0100.tif
101.0,2024-09-01T01:00,12.3421,80.5,0.82,214,Medium,SAR_TN_p101.0_20240901T0100.tif
56.0,2024-09-01T01:00,9.1579,79.7895,1.24,210,Medium,SAR_TN_p56.0_20240901T0100.tif
104.0,2022-11-11T01:00,12.9211,80.5,1.5,35,Medium,SAR_TN_p104.0_20221111T0100.tif
57.0,2024-09-20T00:00,9.1579,80.0263,0.94,222,Medium,SAR_TN_p57.0_20240920T0000.tif
63.0,2022-11-11T01:00,9.4474,79.7895,0.88,352,Medium,SAR_TN_p63.0_20221111T0100.tif
63.0,2024-09-20T00:00,9.4474,79.7895,1.28,212,Medium,SAR_TN_p63.0_20240920T0000.tif
98.0,2024-12-18T01:00,12.0526,80.2632,0.82,354,Medium,SAR_TN_p98.0_20241218T0100.tif
27.0,2023-10-01T01:00,8.2895,79.3158,1.32,232,Medium,SAR_TN_p27.0_20231001T0100.tif
45.0,2024-06-21T01:00,8.8684,78.8421,1.34,216,Medium,SAR_TN_p45.0_20240621T0100.tif
57.0,2023-06-10T13:00,9.1579,80.0263,0.88,211,Medium,SAR_TN_p57.0_20230610T1300.tif
5.0,2022-07-19T01:00,8.0,76.9474,1.26,317,Medium,SAR_TN_p5.0_20220719T0100.tif
23.0,2024-05-28T01:00,8.2895,78.3684,1.94,236,High,SAR_TN_p23.0_20240528T0100.tif
69.0,2023-07-04T13:00,9.7368,79.7895,0.98,218,Medium,SAR_TN_p69.0_20230704T1300.tif
60.0,2022-01-03T01:00,9.4474,79.0789,0.88,38,Medium,SAR_TN_p60.0_20220103T0100.tif
4.0,2022-07-19T01:00,8.0,76.7105,1.14,319,Medium,SAR_TN_p4.0_20220719T0100.tif
95.0,2024-05-28T01:00,11.7632,80.2632,0.94,215,Medium,SAR_TN_p95.0_20240528T0100.tif
52.0,2022-07-14T01:00,9.1579,78.8421,1.18,218,Medium,SAR_TN_p52.0_20220714T0100.tif
8.0,2023-02-03T01:00,8.0,77.6579,0.92,36,Medium,SAR_TN_p8.0_20230203T0100.tif
2.0,2022-07-19T01:00,8.0,76.2368,1.16,318,Medium,SAR_TN_p2.0_20220719T0100.tif
62.0,2023-10-01T01:00,9.4474,79.5526,1.14,210,Medium,SAR_TN_p62.0_20231001T0100.tif
39.0,2021-10-11T01:00,8.5789,79.7895,0.9,238,Medium,SAR_TN_p39.0_20211011T0100.tif
63.0,2024-09-08T13:00,9.4474,79.7895,1.5,205,Medium,SAR_TN_p63.0_20240908T1300.tif
66.0,2023-10-01T01:00,9.7368,79.0789,0.82,203,Medium,SAR_TN_p66.0_20231001T0100.tif
104.0,2023-06-03T01:00,12.9211,80.5,0.82,198,Medium,SAR_TN_p104.0_20230603T0100.tif
63.0,2024-09-01T01:00,9.4474,79.7895,0.84,203,Medium,SAR_TN_p63.0_20240901T0100.tif
56.0,2024-10-26T00:00,9.1579,79.7895,0.86,224,Medium,SAR_TN_p56.0_20241026T0000.tif
36.0,2024-09-25T01:00,8.5789,79.0789,1.44,233,Medium,SAR_TN_p36.0_20240925T0100.tif
55.0,2023-08-26T01:00,9.1579,79.5526,1.08,205,Medium,SAR_TN_p55.0_20230826T0100.tif
11.0,2023-07-21T01:00,8.0,78.3684,1.2,260,Medium,SAR_TN_p11.0_20230721T0100.tif
48.0,2023-06-27T01:00,8.8684,79.5526,1.64,227,Medium,SAR_TN_p48.0_20230627T0100.tif
29.0,2024-06-26T01:00,8.5789,76.0,1.48,263,Medium,SAR_TN_p29.0_20240626T0100.tif
9.0,2022-07-14T01:00,8.0,77.8947,1.52,264,Medium,SAR_TN_p9.0_20220714T0100.tif
56.0,2024-09-20T00:00,9.1579,79.7895,1.42,217,Medium,SAR_TN_p56.0_20240920T0000.tif
17.0,2022-07-07T01:00,8.2895,76.0,0.86,275,Medium,SAR_TN_p17.0_20220707T0100.tif
28.0,2024-07-22T00:00,8.2895,79.5526,1.02,245,Medium,SAR_TN_p28.0_20240722T0000.tif
11.0,2022-10-06T01:00,8.0,78.3684,1.46,257,Medium,SAR_TN_p11.0_20221006T0100.tif
28.0,2023-06-03T01:00,8.2895,79.5526,1.2,225,Medium,SAR_TN_p28.0_20230603T0100.tif
96.0,2022-06-08T01:00,11.7632,80.5,0.9,213,Medium,SAR_TN_p96.0_20220608T0100.tif
42.0,2021-10-16T01:00,8.8684,76.4737,1.26,236,Medium,SAR_TN_p42.0_20211016T0100.tif
49.0,2023-09-07T01:00,8.8684,79.7895,2.04,219,High,SAR_TN_p49.0_20230907T0100.tif
63.0,2024-08-20T01:00,9.4474,79.7895,1.14,200,Medium,SAR_TN_p63.0_20240820T0100.tif
28.0,2023-09-19T01:00,8.2895,79.5526,1.04,222,Medium,SAR_TN_p28.0_20230919T0100.tif
105.0,2022-11-11T01:00,13.2105,80.5,1.4,33,Medium,SAR_TN_p105.0_20221111T0100.tif
39.0,2022-09-12T01:00,8.5789,79.7895,1.48,233,Medium,SAR_TN_p39.0_20220912T0100.tif
73.0,2023-05-22T01:00,10.0263,79.5526,0.84,200,Medium,SAR_TN_p73.0_20230522T0100.tif
92.0,2024-05-28T01:00,11.4737,80.2632,0.86,221,Medium,SAR_TN_p92.0_20240528T0100.tif
24.0,2024-07-03T01:00,8.2895,78.6053,1.3,235,Medium,SAR_TN_p24.0_20240703T0100.tif
11.0,2024-06-09T01:00,8.0,78.3684,1.26,234,Medium,SAR_TN_p11.0_20240609T0100.tif
35.0,2023-01-10T01:00,8.5789,78.8421,1.12,38,Medium,SAR_TN_p35.0_20230110T0100.tif
34.0,2023-10-01T01:00,8.5789,78.6053,1.58,223,Medium,SAR_TN_p34.0_20231001T0100.tif
15.0,2022-07-14T01:00,8.0,79.3158,1.82,246,High,SAR_TN_p15.0_20220714T0100.tif
36.0,2022-05-15T01:00,8.5789,79.0789,2.52,236,High,SAR_TN_p36.0_20220515T0100.tif
13.0,2024-07-03T01:00,8.0,78.8421,1.1,243,Medium,SAR_TN_p13.0_20240703T0100.tif
39.0,2022-10-01T00:00,8.5789,79.7895,1.52,236,Medium,SAR_TN_p39.0_20221001T0000.tif
36.0,2022-09-12T01:00,8.5789,79.0789,1.54,230,Medium,SAR_TN_p36.0_20220912T0100.tif
69.0,2023-12-19T00:00,9.7368,79.7895,0.86,39,Medium,SAR_TN_p69.0_20231219T0000.tif
1.0,2024-06-26T01:00,8.0,76.0,1.32,262,Medium,SAR_TN_p1.0_20240626T0100.tif
14.0,2022-12-17T01:00,8.0,79.0789,0.9,36,Medium,SAR_TN_p14.0_20221217T0100.tif
39.0,2022-05-15T01:00,8.5789,79.7895,2.36,237,High,SAR_TN_p39.0_20220515T0100.tif
62.0,2022-11-11T01:00,9.4474,79.5526,0.84,353,Medium,SAR_TN_p62.0_20221111T0100.tif
45.0,2023-05-22T01:00,8.8684,78.8421,1.06,199,Medium,SAR_TN_p45.0_20230522T0100.tif
38.0,2023-05-29T00:00,8.5789,79.5526,0.88,199,Medium,SAR_TN_p38.0_20230529T0000.tif
56.0,2022-09-07T13:00,9.1579,79.7895,1.6,217,Medium,SAR_TN_p56.0_20220907T1300.tif
69.0,2023-10-01T01:00,9.7368,79.7895,1.04,209,Medium,SAR_TN_p69.0_20231001T0100.tif
95.0,2024-11-24T01:00,11.7632,80.2632,0.98,41,Medium,SAR_TN_p95.0_20241124T0100.tif
16.0,2022-09-12T01:00,8.0,79.5526,1.22,236,Medium,SAR_TN_p16.0_20220912T0100.tif
44.0,2023-09-07T01:00,8.8684,78.6053,1.8,207,Medium,SAR_TN_p44.0_20230907T0100.tif
68.0,2023-06-03T01:00,9.7368,79.5526,0.86,208,Medium,SAR_TN_p68.0_20230603T0100.tif
31.0,2022-12-10T01:00,8.5789,76.4737,0.92,303,Medium,SAR_TN_p31.0_20221210T0100.tif
88.0,2022-03-04T01:00,11.1842,80.0263,1.14,27,Medium,SAR_TN_p88.0_20220304T0100.tif
52.0,2024-06-21T01:00,9.1579,78.8421,0.82,214,Medium,SAR_TN_p52.0_20240621T0100.tif
14.0,2024-05-28T01:00,8.0,79.0789,2.24,246,High,SAR_TN_p14.0_20240528T0100.tif
56.0,2023-07-28T13:00,9.1579,79.7895,0.92,196,Medium,SAR_TN_p56.0_20230728T1300.tif
15.0,2024-08-20T01:00,8.0,79.3158,0.82,212,Medium,SAR_TN_p15.0_20240820T0100.tif
44.0,2023-05-22T01:00,8.8684,78.6053,1.02,198,Medium,SAR_TN_p44.0_20230522T0100.tif
11.0,2022-06-20T01:00,8.0,78.3684,0.86,257,Medium,SAR_TN_p11.0_20220620T0100.tif
60.0,2023-02-03T01:00,9.4474,79.0789,0.98,32,Medium,SAR_TN_p60.0_20230203T0100.tif
6.0,2023-07-14T01:00,8.0,77.1842,0.9,296,Medium,SAR_TN_p6.0_20230714T0100.tif
63.0,2023-06-15T01:00,9.4474,79.7895,0.84,189,Medium,SAR_TN_p63.0_20230615T0100.tif
24.0,2023-01-10T01:00,8.2895,78.6053,1.32,38,Medium,SAR_TN_p24.0_20230110T0100.tif
39.0,2021-11-16T01:00,8.5789,79.7895,0.86,243,Medium,SAR_TN_p39.0_20211116T0100.tif
7.0,2024-07-08T01:00,8.0,77.4211,1.2,285,Medium,SAR_TN_p7.0_20240708T0100.tif
22.0,2024-06-21T01:00,8.2895,78.1316,1.14,229,Medium,SAR_TN_p22.0_20240621T0100.tif
34.0,2024-07-15T01:00,8.5789,78.6053,1.36,229,Medium,SAR_TN_p34.0_20240715T0100.tif
28.0,2024-05-28T01:00,8.2895,79.5526,2.22,233,High,SAR_TN_p28.0_20240528T0100.tif
67.0,2023-02-03T01:00,9.7368,79.3158,0.98,36,Medium,SAR_TN_p67.0_20230203T0100.tif
53.0,2023-05-22T01:00,9.1579,79.0789,1.0,194,Medium,SAR_TN_p53.0_20230522T0100.tif
30.0,2024-07-08T01:00,8.5789,76.2368,0.94,288,Medium,SAR_TN_p30.0_20240708T0100.tif
37.0,2024-07-27T01:00,8.5789,79.3158,1.06,232,Medium,SAR_TN_p37.0_20240727T0100.tif
82.0,2022-03-04T01:00,10.6053,80.0263,0.88,26,Medium,SAR_TN_p82.0_20220304T0100.tif
56.0,2024-09-13T01:00,9.1579,79.7895,1.4,208,Medium,SAR_TN_p56.0_20240913T0100.tif
15.0,2024-06-21T01:00,8.0,79.3158,1.36,243,Medium,SAR_TN_p15.0_20240621T0100.tif
26.0,2022-09-24T01:00,8.2895,79.0789,0.88,244,Medium,SAR_TN_p26.0_20220924T0100.tif
75.0,2024-11-19T00:00,10.0263,80.0263,1.1,46,Medium,SAR_TN_p75.0_20241119T0000.tif
69.0,2021-10-18T13:00,9.7368,79.7895,0.82,202,Medium,SAR_TN_p69.0_20211018T1300.tif
56.0,2023-09-19T01:00,9.1579,79.7895,0.96,215,Medium,SAR_TN_p56.0_20230919T0100.tif
16.0,2021-10-11T01:00,8.0,79.5526,1.54,243,Medium,SAR_TN_p16.0_20211011T0100.tif
47.0,2023-06-27T01:00,8.8684,79.3158,1.44,227,Medium,SAR_TN_p47.0_20230627T0100.tif
29.0,2023-08-07T01:00,8.5789,76.0,0.86,325,Medium,SAR_TN_p29.0_20230807T0100.tif
60.0,2023-09-07T01:00,9.4474,79.0789,1.04,203,Medium,SAR_TN_p60.0_20230907T0100.tif
61.0,2024-08-20T01:00,9.4474,79.3158,0.86,199,Medium,SAR_TN_p61.0_20240820T0100.tif
33.0,2023-06-03T01:00,8.5789,78.3684,1.22,218,Medium,SAR_TN_p33.0_20230603T0100.tif
55.0,2022-05-15T01:00,9.1579,79.5526,2.18,222,High,SAR_TN_p55.0_20220515T0100.tif
83.0,2023-09-19T01:00,10.6053,80.2632,0.9,216,Medium,SAR_TN_p83.0_20230919T0100.tif
30.0,2023-08-07T01:00,8.5789,76.2368,0.82,326,Medium,SAR_TN_p30.0_20230807T0100.tif
5.0,2024-07-08T01:00,8.0,76.9474,1.02,295,Medium,SAR_TN_p5.0_20240708T0100.tif
39.0,2023-08-14T01:00,8.5789,79.7895,1.08,218,Medium,SAR_TN_p39.0_20230814T0100.tif
12.0,2022-09-12T01:00,8.0,78.6053,1.16,245,Medium,SAR_TN_p12.0_20220912T0100.tif
47.0,2024-09-25T01:00,8.8684,79.3158,1.06,224,Medium,SAR_TN_p47.0_20240925T0100.tif
10.0,2023-07-21T01:00,8.0,78.1316,1.1,262,Medium,SAR_TN_p10.0_20230721T0100.tif
25.0,2024-09-01T01:00,8.2895,78.8421,1.6,236,Medium,SAR_TN_p25.0_20240901T0100.tif
23.0,2024-06-21T01:00,8.2895,78.3684,1.38,231,Medium,SAR_TN_p23.0_20240621T0100.tif
88.0,2022-01-03T01:00,11.1842,80.0263,0.9,46,Medium,SAR_TN_p88.0_20220103T0100.tif
63.0,2023-08-14T01:00,9.4474,79.7895,1.04,193,Medium,SAR_TN_p63.0_20230814T0100.tif
63.0,2024-08-15T00:00,9.4474,79.7895,1.26,201,Medium,SAR_TN_p63.0_20240815T0000.tif
53.0,2024-08-20T01:00,9.1579,79.0789,1.02,201,Medium,SAR_TN_p53.0_20240820T0100.tif
11.0,2024-12-30T01:00,8.0,78.3684,0.98,35,Medium,SAR_TN_p11.0_20241230T0100.tif
54.0,2023-09-07T01:00,9.1579,79.3158,1.5,210,Medium,SAR_TN_p54.0_20230907T0100.tif
16.0,2023-09-02T00:00,8.0,79.5526,1.0,206,Medium,SAR_TN_p16.0_20230902T0000.tif
24.0,2022-12-17T01:00,8.2895,78.6053,0.84,38,Medium,SAR_TN_p24.0_20221217T0100.tif
33.0,2023-05-22T01:00,8.5789,78.3684,0.98,203,Medium,SAR_TN_p33.0_20230522T0100.tif
69.0,2022-09-19T00:00,9.7368,79.7895,0.9,195,Medium,SAR_TN_p69.0_20220919T0000.tif
11.0,2024-08-20T01:00,8.0,78.3684,0.84,227,Medium,SAR_TN_p11.0_20240820T0100.tif
11.0,2023-05-22T01:00,8.0,78.3684,0.82,214,Medium,SAR_TN_p11.0_20230522T0100.tif
10.0,2024-06-21T01:00,8.0,78.1316,1.08,256,Medium,SAR_TN_p10.0_20240621T0100.tif
48.0,2024-10-19T01:00,8.8684,79.5526,1.06,231,Medium,SAR_TN_p48.0_20241019T0100.tif
23.0,2022-09-12T01:00,8.2895,78.3684,1.22,233,Medium,SAR_TN_p23.0_20220912T0100.tif
63.0,2023-07-28T13:00,9.4474,79.7895,0.96,192,Medium,SAR_TN_p63.0_20230728T1300.tif
63.0,2022-06-03T13:00,9.4474,79.7895,1.24,194,Medium,SAR_TN_p63.0_20220603T1300.tif
98.0,2024-09-25T01:00,12.0526,80.2632,0.94,213,Medium,SAR_TN_p98.0_20240925T0100.tif
39.0,2022-10-06T01:00,8.5789,79.7895,1.22,231,Medium,SAR_TN_p39.0_20221006T0100.tif
56.0,2024-10-02T13:00,9.1579,79.7895,1.22,207,Medium,SAR_TN_p56.0_20241002T1300.tif
9.0,2022-07-02T01:00,8.0,77.8947,1.2,276,Medium,SAR_TN_p9.0_20220702T0100.tif
7.0,2024-06-21T01:00,8.0,77.4211,0.9,280,Medium,SAR_TN_p7.0_20240621T0100.tif
30.0,2022-05-20T01:00,8.5789,76.2368,0.94,235,Medium,SAR_TN_p30.0_20220520T0100.tif
34.0,2024-08-20T01:00,8.5789,78.6053,1.06,215,Medium,SAR_TN_p34.0_20240820T0100.tif
46.0,2024-07-03T01:00,8.8684,79.0789,1.1,220,Medium,SAR_TN_p46.0_20240703T0100.tif
10.0,2023-02-27T01:00,8.0,78.1316,1.32,47,Medium,SAR_TN_p10.0_20230227T0100.tif
49.0,2023-07-04T00:00,8.8684,79.7895,1.98,227,High,SAR_TN_p49.0_20230704T0000.tif
46.0,2023-07-21T01:00,8.8684,79.0789,0.84,247,Medium,SAR_TN_p46.0_20230721T0100.tif
10.0,2024-06-09T01:00,8.0,78.1316,1.18,238,Medium,SAR_TN_p10.0_20240609T0100.tif
13.0,2023-05-22T01:00,8.0,78.8421,0.9,211,Medium,SAR_TN_p13.0_20230522T0100.tif
34.0,2022-05-15T01:00,8.5789,78.6053,2.18,230,High,SAR_TN_p34.0_20220515T0100.tif
96.0,2023-02-03T01:00,11.7632,80.5,1.12,66,Medium,SAR_TN_p96.0_20230203T0100.tif
9.0,2023-08-14T01:00,8.0,77.8947,1.16,268,Medium,SAR_TN_p9.0_20230814T0100.tif
12.0,2022-10-06T01:00,8.0,78.6053,1.52,252,Medium,SAR_TN_p12.0_20221006T0100.tif
7.0,2022-07-19T01:00,8.0,77.4211,1.4,296,Medium,SAR_TN_p7.0_20220719T0100.tif
49.0,2024-08-03T00:00,8.8684,79.7895,1.12,215,Medium,SAR_TN_p49.0_20240803T0000.tif
16.0,2024-09-01T01:00,8.0,79.5526,1.7,237,Medium,SAR_TN_p16.0_20240901T0100.tif
45.0,2022-05-15T01:00,8.8684,78.8421,1.8,227,Medium,SAR_TN_p45.0_20220515T0100.tif
11.0,2023-02-03T01:00,8.0,78.3684,1.56,34,Medium,SAR_TN_p11.0_20230203T0100.tif
16.0,2024-01-12T00:00,8.0,79.5526,1.0,36,Medium,SAR_TN_p16.0_20240112T0000.tif
16.0,2023-09-07T01:00,8.0,79.5526,1.66,229,Medium,SAR_TN_p16.0_20230907T0100.tif
57.0,2021-10-18T00:00,9.1579,80.0263,1.0,232,Medium,SAR_TN_p57.0_20211018T0000.tif
16.0,2024-06-09T01:00,8.0,79.5526,1.38,213,Medium,SAR_TN_p16.0_20240609T0100.tif
26.0,2024-07-27T01:00,8.2895,79.0789,1.16,240,Medium,SAR_TN_p26.0_20240727T0100.tif
10.0,2023-02-03T01:00,8.0,78.1316,1.4,26,Medium,SAR_TN_p10.0_20230203T0100.tif
38.0,2022-11-11T01:00,8.5789,79.5526,0.9,348,Medium,SAR_TN_p38.0_20221111T0100.tif
15.0,2021-10-11T01:00,8.0,79.3158,1.64,247,Medium,SAR_TN_p15.0_20211011T0100.tif
89.0,2023-02-03T01:00,11.1842,80.2632,1.08,62,Medium,SAR_TN_p89.0_20230203T0100.tif
69.0,2023-09-14T00:00,9.7368,79.7895,0.96,209,Medium,SAR_TN_p69.0_20230914T0000.tif
29.0,2022-12-10T01:00,8.5789,76.0,0.86,300,Medium,SAR_TN_p29.0_20221210T0100.tif
22.0,2023-10-01T01:00,8.2895,78.1316,1.18,229,Medium,SAR_TN_p22.0_20231001T0100.tif
36.0,2023-06-03T01:00,8.5789,79.0789,1.42,224,Medium,SAR_TN_p36.0_20230603T0100.tif
1.0,2022-06-01T01:00,8.0,76.0,1.84,266,High,SAR_TN_p1.0_20220601T0100.tif
12.0,2024-09-01T01:00,8.0,78.6053,1.46,249,Medium,SAR_TN_p12.0_20240901T0100.tif
33.0,2022-05-15T01:00,8.5789,78.3684,1.5,225,Medium,SAR_TN_p33.0_20220515T0100.tif
92.0,2022-07-14T01:00,11.4737,80.2632,1.08,232,Medium,SAR_TN_p92.0_20220714T0100.tif
28.0,2023-01-10T01:00,8.2895,79.5526,0.96,24,Medium,SAR_TN_p28.0_20230110T0100.tif
67.0,2024-05-28T01:00,9.7368,79.3158,0.82,211,Medium,SAR_TN_p67.0_20240528T0100.tif
37.0,2023-08-26T01:00,8.5789,79.3158,0.84,216,Medium,SAR_TN_p37.0_20230826T0100.tif
69.0,2024-09-08T13:00,9.7368,79.7895,0.98,200,Medium,SAR_TN_p69.0_20240908T1300.tif
63.0,2023-07-16T00:00,9.4474,79.7895,1.12,186,Medium,SAR_TN_p63.0_20230716T0000.tif
37.0,2022-07-14T01:00,8.5789,79.3158,2.04,237,High,SAR_TN_p37.0_20220714T0100.tif
53.0,2023-09-07T01:00,9.1579,79.0789,1.68,207,Medium,SAR_TN_p53.0_20230907T0100.tif
89.0,2024-12-18T01:00,11.1842,80.2632,1.1,348,Medium,SAR_TN_p89.0_20241218T0100.tif
77.0,2023-09-14T00:00,10.0263,80.5,0.88,218,Medium,SAR_TN_p77.0_20230914T0000.tif
36.0,2024-07-27T01:00,8.5789,79.0789,1.02,233,Medium,SAR_TN_p36.0_20240727T0100.tif
75.0,2023-10-01T01:00,10.0263,80.0263,0.9,216,Medium,SAR_TN_p75.0_20231001T0100.tif
63.0,2023-10-08T00:00,9.4474,79.7895,0.84,195,Medium,SAR_TN_p63.0_20231008T0000.tif
39.0,2023-06-22T00:00,8.5789,79.7895,1.06,223,Medium,SAR_TN_p39.0_20230622T0000.tif
28.0,2023-08-14T01:00,8.2895,79.5526,1.22,223,Medium,SAR_TN_p28.0_20230814T0100.tif
21.0,2022-06-25T01:00,8.2895,76.9474,1.04,292,Medium,SAR_TN_p21.0_20220625T0100.tif
11.0,2022-09-12T01:00,8.0,78.3684,1.04,247,Medium,SAR_TN_p11.0_20220912T0100.tif
25.0,2024-07-03T01:00,8.2895,78.8421,1.26,236,Medium,SAR_TN_p25.0_20240703T0100.tif
69.0,2023-06-10T13:00,9.7368,79.7895,0.9,192,Medium,SAR_TN_p69.0_20230610T1300.tif
8.0,2024-06-21T01:00,8.0,77.6579,1.06,270,Medium,SAR_TN_p8.0_20240621T0100.tif
26.0,2022-03-04T01:00,8.2895,79.0789,0.94,12,Medium,SAR_TN_p26.0_20220304T0100.tif
16.0,2022-05-22T00:00,8.0,79.5526,1.44,245,Medium,SAR_TN_p16.0_20220522T0000.tif
56.0,2024-06-04T13:00,9.1579,79.7895,1.22,207,Medium,SAR_TN_p56.0_20240604T1300.tif
24.0,2022-10-06T01:00,8.2895,78.6053,1.36,241,Medium,SAR_TN_p24.0_20221006T0100.tif
28.0,2024-09-25T01:00,8.2895,79.5526,1.66,232,Medium,SAR_TN_p28.0_20240925T0100.tif
7.0,2022-07-02T01:00,8.0,77.4211,1.46,294,Medium,SAR_TN_p7.0_20220702T0100.tif
8.0,2022-02-01T01:00,8.0,77.6579,0.82,56,Medium,SAR_TN_p8.0_20220201T0100.tif
11.0,2022-09-24T01:00,8.0,78.3684,0.98,257,Medium,SAR_TN_p11.0_20220924T0100.tif
15.0,2023-06-03T01:00,8.0,79.3158,1.16,232,Medium,SAR_TN_p15.0_20230603T0100.tif
56.0,2024-08-20T01:00,9.1579,79.7895,1.1,205,Medium,SAR_TN_p56.0_20240820T0100.tif
86.0,2024-12-18T01:00,10.8947,80.2632,1.12,352,Medium,SAR_TN_p86.0_20241218T0100.tif
53.0,2022-07-14T01:00,9.1579,79.0789,1.62,215,Medium,SAR_TN_p53.0_20220714T0100.tif
22.0,2024-05-28T01:00,8.2895,78.1316,1.48,236,Medium,SAR_TN_p22.0_20240528T0100.tif
36.0,2024-09-13T01:00,8.5789,79.0789,1.4,227,Medium,SAR_TN_p36.0_20240913T0100.tif
16.0,2024-06-04T00:00,8.0,79.5526,0.88,203,Medium,SAR_TN_p16.0_20240604T0000.tif
56.0,2024-08-03T00:00,9.1579,79.7895,0.92,206,Medium,SAR_TN_p56.0_20240803T0000.tif
35.0,2024-09-01T01:00,8.5789,78.8421,1.42,229,Medium,SAR_TN_p35.0_20240901T0100.tif
24.0,2022-12-29T01:00,8.2895,78.6053,0.84,53,Medium,SAR_TN_p24.0_20221229T0100.tif
23.0,2024-06-09T01:00,8.2895,78.3684,1.44,224,Medium,SAR_TN_p23.0_20240609T0100.tif
6.0,2024-09-18T01:00,8.0,77.1842,1.16,302,Medium,SAR_TN_p6.0_20240918T0100.tif
38.0,2023-06-27T01:00,8.5789,79.5526,1.54,235,Medium,SAR_TN_p38.0_20230627T0100.tif
38.0,2023-12-19T00:00,8.5789,79.5526,0.92,45,Medium,SAR_TN_p38.0_20231219T0000.tif
35.0,2023-02-27T01:00,8.5789,78.8421,0.82,48,Medium,SAR_TN_p35.0_20230227T0100.tif
16.0,2022-01-03T01:00,8.0,79.5526,0.86,36,Medium,SAR_TN_p16.0_20220103T0100.tif
8.0,2021-10-16T01:00,8.0,77.6579,1.28,228,Medium,SAR_TN_p8.0_20211016T0100.tif
75.0,2024-08-27T00:00,10.0263,80.0263,0.82,222,Medium,SAR_TN_p75.0_20240827T0000.tif
37.0,2024-06-09T01:00,8.5789,79.3158,1.58,218,Medium,SAR_TN_p37.0_20240609T0100.tif
49.0,2022-06-03T00:00,8.8684,79.7895,0.92,217,Medium,SAR_TN_p49.0_20220603T0000.tif
23.0,2022-05-15T01:00,8.2895,78.3684,2.0,238,High,SAR_TN_p23.0_20220515T0100.tif
96.0,2023-06-03T01:00,11.7632,80.5,1.12,205,Medium,SAR_TN_p96.0_20230603T0100.tif
23.0,2022-01-03T01:00,8.2895,78.3684,1.38,38,Medium,SAR_TN_p23.0_20220103T0100.tif
13.0,2023-07-21T01:00,8.0,78.8421,1.34,257,Medium,SAR_TN_p13.0_20230721T0100.tif
77.0,2023-11-13T00:00,10.0263,80.5,1.16,26,Medium,SAR_TN_p77.0_20231113T0000.tif
25.0,2024-07-15T01:00,8.2895,78.8421,1.68,239,Medium,SAR_TN_p25.0_20240715T0100.tif
24.0,2024-05-28T01:00,8.2895,78.6053,2.16,238,High,SAR_TN_p24.0_20240528T0100.tif
10.0,2022-12-05T01:00,8.0,78.1316,1.06,35,Medium,SAR_TN_p10.0_20221205T0100.tif
56.0,2023-06-22T00:00,9.1579,79.7895,1.06,212,Medium,SAR_TN_p56.0_20230622T0000.tif
54.0,2023-02-03T01:00,9.1579,79.3158,0.86,31,Medium,SAR_TN_p54.0_20230203T0100.tif
16.0,2021-11-16T01:00,8.0,79.5526,0.94,248,Medium,SAR_TN_p16.0_20211116T0100.tif
8.0,2022-06-01T01:00,8.0,77.6579,1.5,266,Medium,SAR_TN_p8.0_20220601T0100.tif
77.0,2023-12-19T00:00,10.0263,80.5,1.52,48,Medium,SAR_TN_p77.0_20231219T0000.tif
7.0,2024-09-06T01:00,8.0,77.4211,1.32,286,Medium,SAR_TN_p7.0_20240906T0100.tif
28.0,2024-08-20T01:00,8.2895,79.5526,0.98,206,Medium,SAR_TN_p28.0_20240820T0100.tif
7.0,2022-09-29T01:00,8.0,77.4211,0.82,291,Medium,SAR_TN_p7.0_20220929T0100.tif
39.0,2022-07-14T01:00,8.5789,79.7895,1.86,238,High,SAR_TN_p39.0_20220714T0100.tif
99.0,2022-09-12T01:00,12.0526,80.5,0.98,214,Medium,SAR_TN_p99.0_20220912T0100.tif
86.0,2024-05-28T01:00,10.8947,80.2632,0.98,218,Medium,SAR_TN_p86.0_20240528T0100.tif
92.0,2024-06-09T01:00,11.4737,80.2632,0.84,207,Medium,SAR_TN_p92.0_20240609T0100.tif
8.0,2022-05-20T01:00,8.0,77.6579,1.2,249,Medium,SAR_TN_p8.0_20220520T0100.tif
53.0,2024-06-09T01:00,9.1579,79.0789,1.52,207,Medium,SAR_TN_p53.0_20240609T0100.tif
56.0,2022-04-16T13:00,9.1579,79.7895,0.86,212,Medium,SAR_TN_p56.0_20220416T1300.tif
38.0,2024-06-16T00:00,8.5789,79.5526,1.22,228,Medium,SAR_TN_p38.0_20240616T0000.tif
38.0,2022-08-02T00:00,8.5789,79.5526,2.72,235,High,SAR_TN_p38.0_20220802T0000.tif
49.0,2024-09-13T01:00,8.8684,79.7895,1.54,217,Medium,SAR_TN_p49.0_20240913T0100.tif
77.0,2021-10-18T00:00,10.0263,80.5,0.9,227,Medium,SAR_TN_p77.0_20211018T0000.tif
16.0,2024-08-03T00:00,8.0,79.5526,1.16,237,Medium,SAR_TN_p16.0_20240803T0000.tif
22.0,2022-09-12T01:00,8.2895,78.1316,1.04,232,Medium,SAR_TN_p22.0_20220912T0100.tif
39.0,2022-05-22T00:00,8.5789,79.7895,1.5,239,Medium,SAR_TN_p39.0_20220522T0000.tif
1.0,2022-07-19T01:00,8.0,76.0,1.08,320,Medium,SAR_TN_p1.0_20220719T0100.tif
63.0,2022-05-15T01:00,9.4474,79.7895,1.52,223,Medium,SAR_TN_p63.0_20220515T0100.tif
14.0,2022-10-06T01:00,8.0,79.0789,1.52,248,Medium,SAR_TN_p14.0_20221006T0100.tif
56.0,2023-07-04T13:00,9.1579,79.7895,1.5,223,Medium,SAR_TN_p56.0_20230704T1300.tif
63.0,2024-06-09T01:00,9.4474,79.7895,1.56,208,Medium,SAR_TN_p63.0_20240609T0100.tif
14.0,2022-06-08T01:00,8.0,79.0789,1.2,245,Medium,SAR_TN_p14.0_20220608T0100.tif
49.0,2023-07-21T01:00,8.8684,79.7895,0.98,226,Medium,SAR_TN_p49.0_20230721T0100.tif
101.0,2023-09-07T01:00,12.3421,80.5,0.96,208,Medium,SAR_TN_p101.0_20230907T0100.tif
100.0,2024-06-09T01:00,12.3421,80.2632,0.88,199,Medium,SAR_TN_p100.0_20240609T0100.tif
55.0,2023-02-03T01:00,9.1579,79.5526,0.9,43,Medium,SAR_TN_p55.0_20230203T0100.tif
12.0,2022-12-29T01:00,8.0,78.6053,0.88,54,Medium,SAR_TN_p12.0_20221229T0100.tif
38.0,2021-11-16T01:00,8.5789,79.5526,1.02,244,Medium,SAR_TN_p38.0_20211116T0100.tif
61.0,2022-01-03T01:00,9.4474,79.3158,0.86,38,Medium,SAR_TN_p61.0_20220103T0100.tif
63.0,2022-05-10T00:00,9.4474,79.7895,0.86,221,Medium,SAR_TN_p63.0_20220510T0000.tif
13.0,2022-01-03T01:00,8.0,78.8421,1.4,44,Medium,SAR_TN_p13.0_20220103T0100.tif
40.0,2024-09-06T01:00,8.8684,76.0,0.82,302,Medium,SAR_TN_p40.0_20240906T0100.tif
48.0,2024-05-28T01:00,8.8684,79.5526,2.04,224,High,SAR_TN_p48.0_20240528T0100.tif
56.0,2023-08-14T01:00,9.1579,79.7895,1.0,198,Medium,SAR_TN_p56.0_20230814T0100.tif
77.0,2024-09-20T00:00,10.0263,80.5,0.84,215,Medium,SAR_TN_p77.0_20240920T0000.tif
13.0,2022-11-11T01:00,8.0,78.8421,0.92,12,Medium,SAR_TN_p13.0_20221111T0100.tif
9.0,2022-05-03T01:00,8.0,77.8947,1.1,271,Medium,SAR_TN_p9.0_20220503T0100.tif
77.0,2024-01-12T00:00,10.0263,80.5,1.1,56,Medium,SAR_TN_p77.0_20240112T0000.tif
39.0,2023-06-10T00:00,8.5789,79.7895,1.4,231,Medium,SAR_TN_p39.0_20230610T0000.tif
31.0,2022-06-25T01:00,8.5789,76.4737,1.2,287,Medium,SAR_TN_p31.0_20220625T0100.tif
33.0,2024-02-10T01:00,8.5789,78.3684,1.04,64,Medium,SAR_TN_p33.0_20240210T0100.tif
45.0,2023-02-03T01:00,8.8684,78.8421,1.06,34,Medium,SAR_TN_p45.0_20230203T0100.tif
38.0,2023-02-03T01:00,8.5789,79.5526,0.94,42,Medium,SAR_TN_p38.0_20230203T0100.tif
47.0,2022-06-08T01:00,8.8684,79.3158,1.52,222,Medium,SAR_TN_p47.0_20220608T0100.tif
28.0,2022-05-15T01:00,8.2895,79.5526,2.5,241,High,SAR_TN_p28.0_20220515T0100.tif
63.0,2023-09-26T13:00,9.4474,79.7895,1.18,204,Medium,SAR_TN_p63.0_20230926T1300.tif
68.0,2023-09-07T01:00,9.7368,79.5526,1.04,213,Medium,SAR_TN_p68.0_20230907T0100.tif
15.0,2022-06-08T01:00,8.0,79.3158,1.2,243,Medium,SAR_TN_p15.0_20220608T0100.tif
16.0,2023-07-16T00:00,8.0,79.5526,1.04,230,Medium,SAR_TN_p16.0_20230716T0000.tif
6.0,2022-06-01T01:00,8.0,77.1842,1.74,269,Medium,SAR_TN_p6.0_20220601T0100.tif
18.0,2022-05-20T01:00,8.2895,76.2368,0.92,238,Medium,SAR_TN_p18.0_20220520T0100.tif
62.0,2022-05-27T01:00,9.4474,79.5526,0.86,215,Medium,SAR_TN_p62.0_20220527T0100.tif
47.0,2022-03-04T01:00,8.8684,79.3158,0.9,12,Medium,SAR_TN_p47.0_20220304T0100.tif
97.0,2022-11-11T01:00,12.0526,80.0263,0.88,17,Medium,SAR_TN_p97.0_20221111T0100.tif
24.0,2021-10-11T01:00,8.2895,78.6053,1.56,239,Medium,SAR_TN_p24.0_20211011T0100.tif
39.0,2021-10-18T00:00,8.5789,79.7895,1.56,239,Medium,SAR_TN_p39.0_20211018T0000.tif
14.0,2023-06-03T01:00,8.0,79.0789,1.24,234,Medium,SAR_TN_p14.0_20230603T0100.tif
9.0,2024-05-28T01:00,8.0,77.8947,1.84,264,High,SAR_TN_p9.0_20240528T0100.tif
23.0,2023-08-26T01:00,8.2895,78.3684,0.82,224,Medium,SAR_TN_p23.0_20230826T0100.tif
49.0,2023-08-26T01:00,8.8684,79.7895,0.96,212,Medium,SAR_TN_p49.0_20230826T0100.tif
63.0,2023-07-21T01:00,9.4474,79.7895,0.82,236,Medium,SAR_TN_p63.0_20230721T0100.tif
86.0,2024-06-09T01:00,10.8947,80.2632,1.08,206,Medium,SAR_TN_p86.0_20240609T0100.tif
77.0,2022-09-19T00:00,10.0263,80.5,0.96,208,Medium,SAR_TN_p77.0_20220919T0000.tif
96.0,2024-09-01T01:00,11.7632,80.5,0.82,215,Medium,SAR_TN_p96.0_20240901T0100.tif
56.0,2022-05-22T13:00,9.1579,79.7895,1.4,213,Medium,SAR_TN_p56.0_20220522T1300.tif
57.0,2024-05-23T13:00,9.1579,80.0263,1.0,224,Medium,SAR_TN_p57.0_20240523T1300.tif
53.0,2022-06-08T01:00,9.1579,79.0789,0.94,217,Medium,SAR_TN_p53.0_20220608T0100.tif
35.0,2024-06-09T01:00,8.5789,78.8421,1.7,220,Medium,SAR_TN_p35.0_20240609T0100.tif
28.0,2024-10-19T01:00,8.2895,79.5526,0.86,234,Medium,SAR_TN_p28.0_20241019T0100.tif
77.0,2024-12-13T00:00,10.0263,80.5,0.84,91,Medium,SAR_TN_p77.0_20241213T0000.tif
58.0,2022-06-25T01:00,9.4474,76.0,1.08,288,Medium,SAR_TN_p58.0_20220625T0100.tif
49.0,2024-06-16T00:00,8.8684,79.7895,1.24,224,Medium,SAR_TN_p49.0_20240616T0000.tif
96.0,2024-11-24T01:00,11.7632,80.5,0.94,40,Medium,SAR_TN_p96.0_20241124T0100.tif
49.0,2024-06-21T01:00,8.8684,79.7895,1.6,223,Medium,SAR_TN_p49.0_20240621T0100.tif
49.0,2021-10-18T00:00,8.8684,79.7895,2.02,233,High,SAR_TN_p49.0_20211018T0000.tif
56.0,2021-10-18T00:00,9.1579,79.7895,1.62,226,Medium,SAR_TN_p56.0_20211018T0000.tif
13.0,2024-07-27T01:00,8.0,78.8421,1.32,252,Medium,SAR_TN_p13.0_20240727T0100.tif
14.0,2022-01-03T01:00,8.0,79.0789,1.3,43,Medium,SAR_TN_p14.0_20220103T0100.tif
8.0,2022-07-19T01:00,8.0,77.6579,1.26,287,Medium,SAR_TN_p8.0_20220719T0100.tif
18.0,2022-06-25T01:00,8.2895,76.2368,1.32,283,Medium,SAR_TN_p18.0_20220625T0100.tif
73.0,2023-06-03T01:00,10.0263,79.5526,1.12,205,Medium,SAR_TN_p73.0_20230603T0100.tif
15.0,2024-09-13T01:00,8.0,79.3158,1.2,235,Medium,SAR_TN_p15.0_20240913T0100.tif
7.0,2024-09-13T01:00,8.0,77.4211,0.84,283,Medium,SAR_TN_p7.0_20240913T0100.tif
49.0,2023-05-29T00:00,8.8684,79.7895,0.9,201,Medium,SAR_TN_p49.0_20230529T0000.tif
53.0,2023-06-27T01:00,9.1579,79.0789,0.86,226,Medium,SAR_TN_p53.0_20230627T0100.tif
45.0,2023-10-01T01:00,8.8684,78.8421,1.66,215,Medium,SAR_TN_p45.0_20231001T0100.tif
10.0,2024-01-29T01:00,8.0,78.1316,1.24,45,Medium,SAR_TN_p10.0_20240129T0100.tif
100.0,2022-03-04T01:00,12.3421,80.2632,0.82,30,Medium,SAR_TN_p100.0_20220304T0100.tif
83.0,2022-03-04T01:00,10.6053,80.2632,1.18,26,Medium,SAR_TN_p83.0_20220304T0100.tif
33.0,2022-09-12T01:00,8.5789,78.3684,1.08,222,Medium,SAR_TN_p33.0_20220912T0100.tif
34.0,2024-09-13T01:00,8.5789,78.6053,0.94,227,Medium,SAR_TN_p34.0_20240913T0100.tif
64.0,2024-06-26T01:00,9.7368,76.0,1.26,256,Medium,SAR_TN_p64.0_20240626T0100.tif
15.0,2024-09-25T01:00,8.0,79.3158,1.54,241,Medium,SAR_TN_p15.0_20240925T0100.tif
29.0,2022-05-20T01:00,8.5789,76.0,0.88,234,Medium,SAR_TN_p29.0_20220520T0100.tif
69.0,2022-05-22T13:00,9.7368,79.7895,0.86,206,Medium,SAR_TN_p69.0_20220522T1300.tif
101.0,2023-07-21T01:00,12.3421,80.5,0.88,239,Medium,SAR_TN_p101.0_20230721T0100.tif
74.0,2022-05-15T01:00,10.0263,79.7895,0.82,231,Medium,SAR_TN_p74.0_20220515T0100.tif
12.0,2023-03-11T01:00,8.0,78.6053,0.84,57,Medium,SAR_TN_p12.0_20230311T0100.tif
7.0,2024-02-15T01:00,8.0,77.4211,0.98,63,Medium,SAR_TN_p7.0_20240215T0100.tif
39.0,2024-06-16T00:00,8.5789,79.7895,0.96,228,Medium,SAR_TN_p39.0_20240616T0000.tif
74.0,2022-09-12T01:00,10.0263,79.7895,0.84,218,Medium,SAR_TN_p74.0_20220912T0100.tif
91.0,2024-11-24T01:00,11.4737,80.0263,0.88,31,Medium,SAR_TN_p91.0_20241124T0100.tif
63.0,2023-05-22T01:00,9.4474,79.7895,1.0,200,Medium,SAR_TN_p63.0_20230522T0100.tif
60.0,2022-07-14T01:00,9.4474,79.0789,0.94,215,Medium,SAR_TN_p60.0_20220714T0100.tif
23.0,2024-09-13T01:00,8.2895,78.3684,1.26,236,Medium,SAR_TN_p23.0_20240913T0100.tif
8.0,2023-08-14T01:00,8.0,77.6579,0.96,274,Medium,SAR_TN_p8.0_20230814T0100.tif
16.0,2022-06-03T00:00,8.0,79.5526,1.68,245,Medium,SAR_TN_p16.0_20220603T0000.tif
63.0,2024-08-27T13:00,9.4474,79.7895,1.34,205,Medium,SAR_TN_p63.0_20240827T1300.tif
25.0,2022-05-15T01:00,8.2895,78.8421,2.54,240,High,SAR_TN_p25.0_20220515T0100.tif
15.0,2022-08-19T01:00,8.0,79.3158,1.12,243,Medium,SAR_TN_p15.0_20220819T0100.tif
79.0,2022-03-04T01:00,10.3158,80.0263,0.9,23,Medium,SAR_TN_p79.0_20220304T0100.tif
48.0,2023-09-07T01:00,8.8684,79.5526,2.08,217,High,SAR_TN_p48.0_20230907T0100.tif
89.0,2023-10-01T01:00,11.1842,80.2632,0.84,213,Medium,SAR_TN_p89.0_20231001T0100.tif
29.0,2022-07-19T01:00,8.5789,76.0,0.82,318,Medium,SAR_TN_p29.0_20220719T0100.tif
37.0,2023-09-19T01:00,8.5789,79.3158,1.16,212,Medium,SAR_TN_p37.0_20230919T0100.tif
7.0,2024-09-25T01:00,8.0,77.4211,1.26,284,Medium,SAR_TN_p7.0_20240925T0100.tif
33.0,2022-07-14T01:00,8.5789,78.3684,1.46,226,Medium,SAR_TN_p33.0_20220714T0100.tif
77.0,2024-06-16T00:00,10.0263,80.5,1.0,210,Medium,SAR_TN_p77.0_20240616T0000.tif
92.0,2023-08-26T01:00,11.4737,80.2632,0.84,195,Medium,SAR_TN_p92.0_20230826T0100.tif
13.0,2022-09-24T01:00,8.0,78.8421,1.12,255,Medium,SAR_TN_p13.0_20220924T0100.tif
67.0,2023-08-26T01:00,9.7368,79.3158,0.92,195,Medium,SAR_TN_p67.0_20230826T0100.tif
56.0,2022-10-01T13:00,9.1579,79.7895,1.06,215,Medium,SAR_TN_p56.0_20221001T1300.tif
55.0,2024-05-28T01:00,9.1579,79.5526,1.7,218,Medium,SAR_TN_p55.0_20240528T0100.tif
67.0,2022-05-15T01:00,9.7368,79.3158,0.82,224,Medium,SAR_TN_p67.0_20220515T0100.tif
7.0,2022-05-08T01:00,8.0,77.4211,1.0,287,Medium,SAR_TN_p7.0_20220508T0100.tif
37.0,2024-01-29T01:00,8.5789,79.3158,0.92,43,Medium,SAR_TN_p37.0_20240129T0100.tif
30.0,2024-01-10T01:00,8.5789,76.2368,0.82,52,Medium,SAR_TN_p30.0_20240110T0100.tif
86.0,2023-10-01T01:00,10.8947,80.2632,1.0,213,Medium,SAR_TN_p86.0_20231001T0100.tif
30.0,2021-10-16T01:00,8.5789,76.2368,1.8,241,Medium,SAR_TN_p30.0_20211016T0100.tif
10.0,2021-10-11T01:00,8.0,78.1316,1.28,256,Medium,SAR_TN_p10.0_20211011T0100.tif
8.0,2024-10-12T01:00,8.0,77.6579,0.98,275,Medium,SAR_TN_p8.0_20241012T0100.tif
52.0,2023-05-22T01:00,9.1579,78.8421,0.86,196,Medium,SAR_TN_p52.0_20230522T0100.tif
16.0,2024-07-15T01:00,8.0,79.5526,1.46,247,Medium,SAR_TN_p16.0_20240715T0100.tif
6.0,2024-07-08T01:00,8.0,77.1842,1.14,291,Medium,SAR_TN_p6.0_20240708T0100.tif
11.0,2022-12-17T01:00,8.0,78.3684,0.84,37,Medium,SAR_TN_p11.0_20221217T0100.tif
22.0,2023-06-03T01:00,8.2895,78.1316,1.12,226,Medium,SAR_TN_p22.0_20230603T0100.tif
79.0,2023-02-03T01:00,10.3158,80.0263,0.82,56,Medium,SAR_TN_p79.0_20230203T0100.tif
17.0,2023-08-07T01:00,8.2895,76.0,0.9,323,Medium,SAR_TN_p17.0_20230807T0100.tif
20.0,2022-06-25T01:00,8.2895,76.7105,1.18,291,Medium,SAR_TN_p20.0_20220625T0100.tif
45.0,2022-01-03T01:00,8.8684,78.8421,1.1,47,Medium,SAR_TN_p45.0_20220103T0100.tif
39.0,2022-09-07T00:00,8.5789,79.7895,1.94,235,High,SAR_TN_p39.0_20220907T0000.tif
19.0,2022-12-10T01:00,8.2895,76.4737,1.1,300,Medium,SAR_TN_p19.0_20221210T0100.tif
103.0,2022-11-11T01:00,12.6316,80.5,1.5,35,Medium,SAR_TN_p103.0_20221111T0100.tif
34.0,2022-09-12T01:00,8.5789,78.6053,1.34,227,Medium,SAR_TN_p34.0_20220912T0100.tif
12.0,2024-07-27T01:00,8.0,78.6053,1.34,253,Medium,SAR_TN_p12.0_20240727T0100.tif
7.0,2022-01-03T01:00,8.0,77.4211,1.3,60,Medium,SAR_TN_p7.0_20220103T0100.tif
8.0,2023-05-27T01:00,8.0,77.6579,0.92,278,Medium,SAR_TN_p8.0_20230527T0100.tif
39.0,2024-09-20T00:00,8.5789,79.7895,1.26,230,Medium,SAR_TN_p39.0_20240920T0000.tif
75.0,2023-07-16T00:00,10.0263,80.0263,0.86,196,Medium,SAR_TN_p75.0_20230716T0000.tif
9.0,2023-05-10T01:00,8.0,77.8947,0.9,267,Medium,SAR_TN_p9.0_20230510T0100.tif
61.0,2023-09-19T01:00,9.4474,79.3158,0.82,207,Medium,SAR_TN_p61.0_20230919T0100.tif
25.0,2021-10-11T01:00,8.2895,78.8421,1.66,240,Medium,SAR_TN_p25.0_20211011T0100.tif
21.0,2024-09-06T01:00,8.2895,76.9474,0.9,307,Medium,SAR_TN_p21.0_20240906T0100.tif
69.0,2024-09-20T13:00,9.7368,79.7895,0.82,195,Medium,SAR_TN_p69.0_20240920T1300.tif
47.0,2022-01-03T01:00,8.8684,79.3158,1.06,47,Medium,SAR_TN_p47.0_20220103T0100.tif
13.0,2022-06-08T01:00,8.0,78.8421,1.18,247,Medium,SAR_TN_p13.0_20220608T0100.tif
39.0,2024-08-15T00:00,8.5789,79.7895,0.86,213,Medium,SAR_TN_p39.0_20240815T0000.tif
8.0,2023-10-01T01:00,8.0,77.6579,1.16,262,Medium,SAR_TN_p8.0_20231001T0100.tif
35.0,2023-10-01T01:00,8.5789,78.8421,1.58,227,Medium,SAR_TN_p35.0_20231001T0100.tif
16.0,2022-07-09T00:00,8.0,79.5526,1.56,255,Medium,SAR_TN_p16.0_20220709T0000.tif
101.0,2022-09-12T01:00,12.3421,80.5,0.88,212,Medium,SAR_TN_p101.0_20220912T0100.tif
3.0,2022-06-01T01:00,8.0,76.4737,1.8,264,Medium,SAR_TN_p3.0_20220601T0100.tif
14.0,2023-02-27T01:00,8.0,79.0789,0.86,41,Medium,SAR_TN_p14.0_20230227T0100.tif
13.0,2023-02-03T01:00,8.0,78.8421,1.36,40,Medium,SAR_TN_p13.0_20230203T0100.tif
16.0,2023-01-29T00:00,8.0,79.5526,1.0,22,Medium,SAR_TN_p16.0_20230129T0000.tif
10.0,2021-12-10T01:00,8.0,78.1316,0.96,46,Medium,SAR_TN_p10.0_20211210T0100.tif
56.0,2024-06-09T01:00,9.1579,79.7895,1.46,211,Medium,SAR_TN_p56.0_20240609T0100.tif
63.0,2024-07-10T00:00,9.4474,79.7895,1.04,213,Medium,SAR_TN_p63.0_20240710T0000.tif
24.0,2023-05-22T01:00,8.2895,78.6053,1.02,208,Medium,SAR_TN_p24.0_20230522T0100.tif
39.0,2024-09-13T01:00,8.5789,79.7895,1.22,222,Medium,SAR_TN_p39.0_20240913T0100.tif
55.0,2022-03-04T01:00,9.1579,79.5526,0.88,16,Medium,SAR_TN_p55.0_20220304T0100.tif
16.0,2024-07-27T01:00,8.0,79.5526,1.02,238,Medium,SAR_TN_p16.0_20240727T0100.tif
8.0,2024-02-15T01:00,8.0,77.6579,1.0,51,Medium,SAR_TN_p8.0_20240215T0100.tif
38.0,2022-05-15T01:00,8.5789,79.5526,2.66,236,High,SAR_TN_p38.0_20220515T0100.tif
15.0,2024-07-03T01:00,8.0,79.3158,1.02,241,Medium,SAR_TN_p15.0_20240703T0100.tif
45.0,2023-09-19T01:00,8.8684,78.8421,0.84,207,Medium,SAR_TN_p45.0_20230919T0100.tif
28.0,2022-09-19T00:00,8.2895,79.5526,1.12,225,Medium,SAR_TN_p28.0_20220919T0000.tif
34.0,2022-06-08T01:00,8.5789,78.6053,1.22,229,Medium,SAR_TN_p34.0_20220608T0100.tif
16.0,2024-08-27T00:00,8.0,79.5526,1.44,236,Medium,SAR_TN_p16.0_20240827T0000.tif
35.0,2024-06-21T01:00,8.5789,78.8421,1.44,227,Medium,SAR_TN_p35.0_20240621T0100.tif
73.0,2023-10-01T01:00,10.0263,79.5526,1.32,211,Medium,SAR_TN_p73.0_20231001T0100.tif
8.0,2024-09-18T01:00,8.0,77.6579,1.2,280,Medium,SAR_TN_p8.0_20240918T0100.tif
14.0,2022-11-11T01:00,8.0,79.0789,0.92,11,Medium,SAR_TN_p14.0_20221111T0100.tif
11.0,2022-08-19T01:00,8.0,78.3684,1.1,261,Medium,SAR_TN_p11.0_20220819T0100.tif
27.0,2024-07-15T01:00,8.2895,79.3158,1.6,239,Medium,SAR_TN_p27.0_20240715T0100.tif
48.0,2023-07-21T01:00,8.8684,79.5526,0.86,226,Medium,SAR_TN_p48.0_20230721T0100.tif
45.0,2024-07-15T01:00,8.8684,78.8421,1.38,220,Medium,SAR_TN_p45.0_20240715T0100.tif
59.0,2024-06-26T01:00,9.4474,76.2368,0.94,264,Medium,SAR_TN_p59.0_20240626T0100.tif
14.0,2022-09-24T01:00,8.0,79.0789,1.08,254,Medium,SAR_TN_p14.0_20220924T0100.tif
47.0,2024-07-03T01:00,8.8684,79.3158,1.28,220,Medium,SAR_TN_p47.0_20240703T0100.tif
10.0,2022-05-27T01:00,8.0,78.1316,0.98,253,Medium,SAR_TN_p10.0_20220527T0100.tif
15.0,2023-09-07T01:00,8.0,79.3158,1.6,234,Medium,SAR_TN_p15.0_20230907T0100.tif
48.0,2022-09-12T01:00,8.8684,79.5526,1.8,223,Medium,SAR_TN_p48.0_20220912T0100.tif
10.0,2024-12-30T01:00,8.0,78.1316,1.0,29,Medium,SAR_TN_p10.0_20241230T0100.tif
38.0,2023-09-07T01:00,8.5789,79.5526,2.0,221,High,SAR_TN_p38.0_20230907T0100.tif
36.0,2024-05-28T01:00,8.5789,79.0789,2.14,231,High,SAR_TN_p36.0_20240528T0100.tif
14.0,2022-05-15T01:00,8.0,79.0789,2.38,249,High,SAR_TN_p14.0_20220515T0100.tif
11.0,2022-05-15T01:00,8.0,78.3684,2.32,251,High,SAR_TN_p11.0_20220515T0100.tif
39.0,2023-07-04T00:00,8.5789,79.7895,1.86,235,High,SAR_TN_p39.0_20230704T0000.tif
16.0,2022-05-15T01:00,8.0,79.5526,2.16,247,High,SAR_TN_p16.0_20220515T0100.tif
55.0,2022-07-14T01:00,9.1579,79.5526,2.18,220,High,SAR_TN_p55.0_20220714T0100.tif
39.0,2022-08-02T00:00,8.5789,79.7895,2.48,236,High,SAR_TN_p39.0_20220802T0000.tif
37.0,2023-09-07T01:00,8.5789,79.3158,1.94,219,High,SAR_TN_p37.0_20230907T0100.tif
16.0,2022-05-10T00:00,8.0,79.5526,2.02,246,High,SAR_TN_p16.0_20220510T0000.tif
28.0,2022-08-02T00:00,8.2895,79.5526,3.04,240,High,SAR_TN_p28.0_20220802T0000.tif
15.0,2022-05-15T01:00,8.0,79.3158,2.46,248,High,SAR_TN_p15.0_20220515T0100.tif
35.0,2022-07-14T01:00,8.5789,78.8421,1.9,234,High,SAR_TN_p35.0_20220714T0100.tif
14.0,2022-07-14T01:00,8.0,79.0789,1.82,247,High,SAR_TN_p14.0_20220714T0100.tif
45.0,2022-07-14T01:00,8.8684,78.8421,1.84,222,High,SAR_TN_p45.0_20220714T0100.tif
49.0,2024-05-23T00:00,8.8684,79.7895,3.02,225,High,SAR_TN_p49.0_20240523T0000.tif
24.0,2022-05-15T01:00,8.2895,78.6053,2.28,239,High,SAR_TN_p24.0_20220515T0100.tif
16.0,2024-05-23T00:00,8.0,79.5526,3.62,228,High,SAR_TN_p16.0_20240523T0000.tif
28.0,2022-07-14T01:00,8.2895,79.5526,2.0,242,High,SAR_TN_p28.0_20220714T0100.tif
38.0,2024-05-28T01:00,8.5789,79.5526,2.16,229,High,SAR_TN_p38.0_20240528T0100.tif
45.0,2023-09-07T01:00,8.8684,78.8421,1.98,210,High,SAR_TN_p45.0_20230907T0100.tif
27.0,2022-07-14T01:00,8.2895,79.3158,1.98,242,High,SAR_TN_p27.0_20220714T0100.tif
46.0,2024-05-28T01:00,8.8684,79.0789,1.84,223,High,SAR_TN_p46.0_20240528T0100.tif
8.0,2022-05-15T01:00,8.0,77.6579,2.06,259,High,SAR_TN_p8.0_20220515T0100.tif
63.0,2022-07-14T01:00,9.4474,79.7895,2.0,219,High,SAR_TN_p63.0_20220714T0100.tif
46.0,2022-05-15T01:00,8.8684,79.0789,2.04,230,High,SAR_TN_p46.0_20220515T0100.tif
63.0,2024-05-23T00:00,9.4474,79.7895,2.04,218,High,SAR_TN_p63.0_20240523T0000.tif
28.0,2023-07-04T00:00,8.2895,79.5526,2.06,240,High,SAR_TN_p28.0_20230704T0000.tif
38.0,2022-09-07T00:00,8.5789,79.5526,2.1,234,High,SAR_TN_p38.0_20220907T0000.tif
35.0,2023-09-07T01:00,8.5789,78.8421,1.84,217,High,SAR_TN_p35.0_20230907T0100.tif
37.0,2024-05-28T01:00,8.5789,79.3158,2.12,232,High,SAR_TN_p37.0_20240528T0100.tif
49.0,2022-07-14T01:00,8.8684,79.7895,2.24,233,High,SAR_TN_p49.0_20220714T0100.tif
56.0,2022-05-15T01:00,9.1579,79.7895,1.84,226,High,SAR_TN_p56.0_20220515T0100.tif
37.0,2022-05-15T01:00,8.5789,79.3158,2.62,237,High,SAR_TN_p37.0_20220515T0100.tif
47.0,2024-06-09T01:00,8.8684,79.3158,1.82,215,High,SAR_TN_p47.0_20240609T0100.tif
36.0,2023-09-07T01:00,8.5789,79.0789,1.9,217,High,SAR_TN_p36.0_20230907T0100.tif
13.0,2022-05-15T01:00,8.0,78.8421,2.34,250,High,SAR_TN_p13.0_20220515T0100.tif
46.0,2022-07-14T01:00,8.8684,79.0789,2.02,225,High,SAR_TN_p46.0_20220714T0100.tif
39.0,2024-05-23T00:00,8.5789,79.7895,2.7,228,High,SAR_TN_p39.0_20240523T0000.tif
28.0,2024-05-23T00:00,8.2895,79.5526,3.42,228,High,SAR_TN_p28.0_20240523T0000.tif
46.0,2024-06-09T01:00,8.8684,79.0789,1.84,214,High,SAR_TN_p46.0_20240609T0100.tif
26.0,2022-05-15T01:00,8.2895,79.0789,2.62,240,High,SAR_TN_p26.0_20220515T0100.tif
35.0,2022-05-15T01:00,8.5789,78.8421,2.44,233,High,SAR_TN_p35.0_20220515T0100.tif
12.0,2022-05-15T01:00,8.0,78.6053,2.34,250,High,SAR_TN_p12.0_20220515T0100.tif
11.0,2024-05-28T01:00,8.0,78.3684,2.1,255,High,SAR_TN_p11.0_20240528T0100.tif
49.0,2022-09-12T01:00,8.8684,79.7895,1.84,226,High,SAR_TN_p49.0_20220912T0100.tif
49.0,2024-05-28T01:00,8.8684,79.7895,2.16,225,High,SAR_TN_p49.0_20240528T0100.tif
25.0,2022-07-14T01:00,8.2895,78.8421,1.82,243,High,SAR_TN_p25.0_20220714T0100.tif
26.0,2024-05-28T01:00,8.2895,79.0789,2.24,238,High,SAR_TN_p26.0_20240528T0100.tif
27.0,2024-05-28T01:00,8.2895,79.3158,2.16,236,High,SAR_TN_p27.0_20240528T0100.tif
55.0,2023-09-07T01:00,9.1579,79.5526,1.96,212,High,SAR_TN_p55.0_20230907T0100.tif
38.0,2021-10-18T00:00,8.5789,79.5526,1.82,240,High,SAR_TN_p38.0_20211018T0000.tif
35.0,2024-05-28T01:00,8.5789,78.8421,2.06,231,High,SAR_TN_p35.0_20240528T0100.tif
48.0,2022-07-14T01:00,8.8684,79.5526,2.28,230,High,SAR_TN_p48.0_20220714T0100.tif
2.0,2022-06-01T01:00,8.0,76.2368,1.96,264,High,SAR_TN_p2.0_20220601T0100.tif
16.0,2022-08-02T00:00,8.0,79.5526,3.0,246,High,SAR_TN_p16.0_20220802T0000.tif
46.0,2023-09-07T01:00,8.8684,79.0789,1.98,213,High,SAR_TN_p46.0_20230907T0100.tif
3.0,2021-10-16T01:00,8.0,76.4737,1.86,248,High,SAR_TN_p3.0_20211016T0100.tif
7.0,2022-05-15T01:00,8.0,77.4211,2.12,263,High,SAR_TN_p7.0_20220515T0100.tif
2.0,2021-10-16T01:00,8.0,76.2368,2.04,254,High,SAR_TN_p2.0_20211016T0100.tif
36.0,2022-07-14T01:00,8.5789,79.0789,1.98,236,High,SAR_TN_p36.0_20220714T0100.tif
38.0,2024-05-23T00:00,8.5789,79.5526,3.14,228,High,SAR_TN_p38.0_20240523T0000.tif
48.0,2022-05-15T01:00,8.8684,79.5526,2.64,230,High,SAR_TN_p48.0_20220515T0100.tif
56.0,2022-07-14T01:00,9.1579,79.7895,1.86,225,High,SAR_TN_p56.0_20220714T0100.tif
28.0,2021-10-18T00:00,8.2895,79.5526,1.9,244,High,SAR_TN_p28.0_20211018T0000.tif
15.0,2024-05-28T01:00,8.0,79.3158,2.14,243,High,SAR_TN_p15.0_20240528T0100.tif
47.0,2024-05-28T01:00,8.8684,79.3158,1.92,224,High,SAR_TN_p47.0_20240528T0100.tif
38.0,2023-07-04T00:00,8.5789,79.5526,2.1,234,High,SAR_TN_p38.0_20230704T0000.tif
1.0,2021-10-16T01:00,8.0,76.0,2.18,252,High,SAR_TN_p1.0_20211016T0100.tif
49.0,2024-08-27T00:00,8.8684,79.7895,1.9,227,High,SAR_TN_p49.0_20240827T0000.tif
16.0,2023-07-04T00:00,8.0,79.5526,1.82,245,High,SAR_TN_p16.0_20230704T0000.tif
49.0,2022-09-07T00:00,8.8684,79.7895,2.12,228,High,SAR_TN_p49.0_20220907T0000.tif
12.0,2024-05-28T01:00,8.0,78.6053,2.24,251,High,SAR_TN_p12.0_20240528T0100.tif
13.0,2024-05-28T01:00,8.0,78.8421,2.26,248,High,SAR_TN_p13.0_20240528T0100.tif
27.0,2022-05-15T01:00,8.2895,79.3158,2.66,242,High,SAR_TN_p27.0_20220515T0100.tif
29.0,2021-10-16T01:00,8.5789,76.0,1.86,247,High,SAR_TN_p29.0_20211016T0100.tif
9.0,2022-05-15T01:00,8.0,77.8947,2.28,255,High,SAR_TN_p9.0_20220515T0100.tif
16.0,2022-07-14T01:00,8.0,79.5526,1.82,245,High,SAR_TN_p16.0_20220714T0100.tif
47.0,2022-07-14T01:00,8.8684,79.3158,2.2,227,High,SAR_TN_p47.0_20220714T0100.tif
16.0,2022-09-07T00:00,8.0,79.5526,1.96,244,High,SAR_TN_p16.0_20220907T0000.tif
49.0,2022-08-02T00:00,8.8684,79.7895,2.14,229,High,SAR_TN_p49.0_20220802T0000.tif
47.0,2022-05-15T01:00,8.8684,79.3158,2.38,231,High,SAR_TN_p47.0_20220515T0100.tif
56.0,2024-05-23T00:00,9.1579,79.7895,2.08,222,High,SAR_TN_p56.0_20240523T0000.tif
28.0,2022-09-07T00:00,8.2895,79.5526,2.08,238,High,SAR_TN_p28.0_20220907T0000.tif
38.0,2022-07-14T01:00,8.5789,79.5526,2.04,238,High,SAR_TN_p38.0_20220714T0100.tif
39.0,2024-05-28T01:00,8.5789,79.7895,1.92,229,High,SAR_TN_p39.0_20240528T0100.tif
47.0,2023-09-07T01:00,8.8684,79.3158,2.04,214,High,SAR_TN_p47.0_20230907T0100.tif
49.0,2022-05-22T00:00,8.8684,79.7895,1.84,231,High,SAR_TN_p49.0_20220522T0000.tif
